stage,legacy_barcode,real_barcode,lot_no,issue_barcode,receive_date,crate_index,piece_count,net_weight,note
holo,RHO-OP-103-C001,RHO-082-C001,OP-103,IHO-082,2026-01-08,1,59,17.152,""
holo,RHO-OP-122-C001,RHO-064-C001,OP-122,IHO-064,2026-01-06,1,60,16.520,""
holo,RHO-OP-123-C001,RHO-065-C001,OP-123,IHO-065,2026-01-06,1,59,16.852,""
holo,RHO-OP-124-C001,RHO-066-C001,OP-124,IHO-066,2026-01-06,1,60,17.090,""
holo,RHO-OP-125-C001,RHO-067-C001,OP-125,IHO-067,2026-01-06,1,60,26.690,""
holo,RHO-OP-126-C001,RHO-068-C001,OP-126,IHO-068,2026-01-06,1,59,24.755,""
holo,RHO-OP-127-C001,RHO-069-C001,OP-127,IHO-069,2026-01-06,1,59,24.465,""
holo,RHO-OP-128-C001,RHO-070-C001,OP-128,IHO-070,2026-01-06,1,59,23.625,""
holo,RHO-OP-129-C001,RHO-071-C001,OP-129,IHO-071,2026-01-06,1,60,17.130,""
holo,RHO-OP-130-C001,RHO-072-C001,OP-130,IHO-072,2026-01-06,1,60,17.600,""
holo,RHO-OP-131-C001,RHO-073-C001,OP-131,IHO-073,2026-01-06,1,59,17.582,""
holo,RHO-OP-132-C001,RHO-074-C001,OP-132,IHO-074,2026-01-06,1,59,16.262,""
holo,RHO-OP-134-C001,RHO-111-C001,OP-134,IHO-111,2026-01-07,1,60,17.210,""
holo,RHO-OP-135-C001,RHO-112-C001,OP-135,IHO-112,2026-01-07,1,60,17.260,""
holo,RHO-OP-136-C001,RHO-113-C001,OP-136,IHO-113,2026-01-07,1,60,17.480,""
holo,RHO-OP-137-C001,RHO-114-C001,OP-137,IHO-114,2026-01-07,1,59,16.822,""
holo,RHO-OP-137-C002,RHO-114-C002,OP-137,IHO-114,2026-01-07,2,50,14.210,""
holo,RHO-OP-138-C001,RHO-115-C001,OP-138,IHO-115,2026-01-07,1,60,16.270,""
holo,RHO-OP-139-C001,RHO-116-C001,OP-139,IHO-116,2026-01-07,1,60,13.520,""
holo,RHO-OP-140-C001,RHO-117-C001,OP-140,IHO-117,2026-01-06,1,60,8.120,""
holo,RHO-OP-141-C001,RHO-118-C001,OP-141,IHO-118,2026-01-06,1,60,17.870,""
holo,RHO-OP-141-C002,RHO-118-C002,OP-141,IHO-118,2026-01-06,2,60,17.870,""
holo,RHO-OP-142-C001,RHO-119-C001,OP-142,IHO-119,2026-01-06,1,60,17.300,""
holo,RHO-OP-143-C001,RHO-121-C001,OP-143,IHO-121,2026-01-06,1,60,16.840,""
holo,RHO-OP-144-C001,RHO-122-C001,OP-144,IHO-122,2026-01-06,1,60,18.340,""
holo,RHO-OP-145-C001,RHO-123-C001,OP-145,IHO-123,2026-01-06,1,60,16.340,""
holo,RHO-OP-146-C001,RHO-124-C001,OP-146,IHO-124,2026-01-06,1,60,17.750,""
holo,RHO-OP-147-C001,RHO-125-C001,OP-147,IHO-125,2026-01-06,1,60,15.560,""
holo,RHO-OP-148-C001,RHO-126-C001,OP-148,IHO-126,2026-01-06,1,60,9.620,""
holo,RHO-OP-149-C001,RHO-127-C001,OP-149,IHO-127,2026-01-06,1,60,19.220,""
holo,RHO-OP-150-C001,RHO-128-C001,OP-150,IHO-128,2026-01-06,1,60,16.510,""
holo,RHO-OP-151-C001,RHO-129-C001,OP-151,IHO-129,2026-01-06,1,60,17.340,""
holo,RHO-OP-151-C002,RHO-129-C002,OP-151,IHO-129,2026-01-06,2,50,14.320,""
holo,RHO-OP-152-C001,RHO-130-C001,OP-152,IHO-130,2026-01-06,1,59,17.442,""
holo,RHO-OP-153-C001,RHO-131-C001,OP-153,IHO-131,2026-01-06,1,60,17.860,""
holo,RHO-OP-154-C001,RHO-132-C001,OP-154,IHO-132,2026-01-06,1,60,17.300,""
holo,RHO-OP-155-C001,RHO-133-C001,OP-155,IHO-133,2026-01-06,1,59,23.605,""
holo,RHO-OP-155-C002,RHO-133-C002,OP-155,IHO-133,2026-01-06,2,60,22.370,""
holo,RHO-OP-156-C001,RHO-134-C001,OP-156,IHO-134,2026-01-06,1,60,24.790,""
holo,RHO-OP-157-C001,RHO-135-C001,OP-157,IHO-135,2026-01-06,1,50,23.350,""
holo,RHO-OP-158-C001,RHO-136-C001,OP-158,IHO-136,2026-01-06,1,60,25.750,""
holo,RHO-OP-159-C001,RHO-137-C001,OP-159,IHO-137,2026-01-06,1,60,24.450,""
holo,RHO-OP-160-C001,RHO-173-C001,OP-160,IHO-173,2026-01-07,1,60,22.670,""
holo,RHO-OP-162-C001,RHO-176-C001,OP-162,IHO-176,2026-01-07,1,59,16.362,""
holo,RHO-OP-163-C001,RHO-177-C001,OP-163,IHO-177,2026-01-07,1,60,17.490,""
holo,RHO-OP-164-C001,RHO-178-C001,OP-164,IHO-178,2026-01-07,1,60,15.200,""
holo,RHO-OP-164-C002,RHO-178-C002,OP-164,IHO-178,2026-01-07,2,50,13.640,""
holo,RHO-OP-165-C001,RHO-179-C001,OP-165,IHO-179,2026-01-07,1,50,14.510,""
holo,RHO-OP-165-C002,RHO-179-C002,OP-165,IHO-179,2026-01-07,2,60,17.430,""
holo,RHO-OP-166-C001,RHO-180-C001,OP-166,IHO-180,2026-01-07,1,50,11.660,""
holo,RHO-OP-167-C001,RHO-181-C001,OP-167,IHO-181,2026-01-07,1,60,9.750,""
holo,RHO-OP-168-C001,RHO-182-C001,OP-168,IHO-182,2026-01-07,1,60,11.210,""
holo,RHO-OP-169-C001,RHO-183-C001,OP-169,IHO-183,2026-01-07,1,59,22.555,""
holo,RHO-OP-170-C001,RHO-184-C001,OP-170,IHO-184,2026-01-07,1,60,17.670,""
holo,RHO-OP-171-C001,RHO-185-C001,OP-171,IHO-185,2026-01-07,1,60,10.980,""
holo,RHO-OP-172-C001,RHO-186-C001,OP-172,IHO-186,2026-01-07,1,60,17.330,""
holo,RHO-OP-173-C001,RHO-187-C001,OP-173,IHO-187,2026-01-07,1,59,21.565,""
holo,RHO-OP-174-C001,RHO-188-C001,OP-174,IHO-188,2026-01-08,1,60,18.500,""
holo,RHO-OP-175-C001,RHO-189-C001,OP-175,IHO-189,2026-01-08,1,59,18.142,""
holo,RHO-OP-176-C001,RHO-190-C001,OP-176,IHO-190,2026-01-08,1,60,21.360,""
holo,RHO-OP-177-C001,RHO-191-C001,OP-177,IHO-191,2026-01-08,1,60,16.060,""
holo,RHO-OP-178-C001,RHO-192-C001,OP-178,IHO-192,2026-01-08,1,60,16.500,""
holo,RHO-OP-179-C001,RHO-193-C001,OP-179,IHO-193,2026-01-08,1,60,15.890,""
holo,RHO-OP-180-C001,RHO-194-C001,OP-180,IHO-194,2026-01-08,1,60,18.210,""
holo,RHO-OP-181-C001,RHO-195-C001,OP-181,IHO-195,2026-01-07,1,60,10.590,""
holo,RHO-OP-182-C001,RHO-196-C001,OP-182,IHO-196,2026-01-07,1,60,17.500,""
holo,RHO-OP-183-C001,RHO-197-C001,OP-183,IHO-197,2026-01-08,1,59,24.745,""
holo,RHO-OP-184-C001,RHO-198-C001,OP-184,IHO-198,2026-01-08,1,60,15.520,""
holo,RHO-OP-185-C001,RHO-199-C001,OP-185,IHO-199,2026-01-08,1,30,1.540,""
holo,RHO-OP-186-C001,RHO-200-C001,OP-186,IHO-200,2026-01-08,1,50,21.470,""
holo,RHO-OP-187-C001,RHO-201-C001,OP-187,IHO-201,2026-01-08,1,50,12.240,""
holo,RHO-OP-188-C001,RHO-202-C001,OP-188,IHO-202,2026-01-08,1,60,18.610,""
holo,RHO-OP-189-C001,RHO-203-C001,OP-189,IHO-203,2026-01-08,1,64,24.402,""
holo,RHO-OP-190-C001,RHO-204-C001,OP-190,IHO-204,2026-01-08,1,59,24.905,""
holo,RHO-OP-191-C001,RHO-205-C001,OP-191,IHO-205,2026-01-08,1,60,20.570,""
holo,RHO-OP-192-C001,RHO-206-C001,OP-192,IHO-206,2026-01-08,1,20,5.930,""
holo,RHO-OP-193-C001,RHO-207-C001,OP-193,IHO-207,2026-01-08,1,60,17.660,""
holo,RHO-OP-194-C001,RHO-208-C001,OP-194,IHO-208,2026-01-08,1,50,21.300,""
holo,RHO-OP-195-C001,RHO-209-C001,OP-195,IHO-209,2026-01-08,1,48,21.550,""
holo,RHO-OP-196-C001,RHO-210-C001,OP-196,IHO-210,2026-01-08,1,50,22.240,""
holo,RHO-OP-197-C001,RHO-211-C001,OP-197,IHO-211,2026-01-08,1,50,8.580,""
holo,RHO-OP-683-C001,RHO-697-C001,OP-683,IHO-697,25/11/2025,1,24,6.204,""
holo,RHO-OP-683-C002,RHO-697-C002,OP-683,IHO-697,25/11/2025,2,36,12.136,""
holo,RHO-OP-683-C003,RHO-697-C003,OP-683,IHO-697,25/11/2025,3,33,11.748,""
holo,RHO-OP-683-C004,RHO-697-C004,OP-683,IHO-697,25/11/2025,4,33,11.528,""
holo,RHO-OP-683-C005,RHO-697-C005,OP-683,IHO-697,25/11/2025,5,52,12.082,""
holo,RHO-OP-683-C006,RHO-697-C006,OP-683,IHO-697,25/11/2025,6,36,12.356,""
holo,RHO-OP-684-C001,RHO-698-C001,OP-684,IHO-698,20/12/2025,1,6,0.316,""
holo,RHO-OP-685-C001,RHO-699-C001,OP-685,IHO-699,25/07/2025,1,59,16.182,""
holo,RHO-OP-685-C002,RHO-699-C002,OP-685,IHO-699,25/07/2025,2,60,14.330,""
holo,RHO-OP-685-C003,RHO-699-C003,OP-685,IHO-699,25/07/2025,3,60,15.700,""
holo,RHO-OP-685-C004,RHO-699-C004,OP-685,IHO-699,25/07/2025,4,59,16.422,""
holo,RHO-OP-685-C005,RHO-699-C005,OP-685,IHO-699,25/07/2025,5,60,17.340,""
holo,RHO-OP-685-C006,RHO-699-C006,OP-685,IHO-699,25/07/2025,6,60,17.550,""
holo,RHO-OP-685-C007,RHO-699-C007,OP-685,IHO-699,25/07/2025,7,60,17.630,""
holo,RHO-OP-685-C008,RHO-699-C008,OP-685,IHO-699,25/07/2025,8,60,16.830,""
holo,RHO-OP-685-C009,RHO-699-C009,OP-685,IHO-699,25/07/2025,9,60,16.960,""
holo,RHO-OP-685-C010,RHO-699-C010,OP-685,IHO-699,25/07/2025,10,60,17.530,""
holo,RHO-OP-686-C001,RHO-700-C001,OP-686,IHO-700,19/09/2025,1,60,12.860,""
holo,RHO-OP-687-C001,RHO-701-C001,OP-687,IHO-701,11/10/2025,1,59,12.532,""
holo,RHO-OP-687-C002,RHO-701-C002,OP-687,IHO-701,11/10/2025,2,59,12.862,""
holo,RHO-OP-687-C003,RHO-701-C003,OP-687,IHO-701,11/10/2025,3,18,3.624,""
holo,RHO-OP-688-C001,RHO-702-C001,OP-688,IHO-702,01/11/2025,1,59,18.502,""
holo,RHO-OP-688-C002,RHO-702-C002,OP-688,IHO-702,01/11/2025,2,59,18.692,""
holo,RHO-OP-688-C003,RHO-702-C003,OP-688,IHO-702,01/11/2025,3,50,14.900,""
holo,RHO-OP-688-C004,RHO-702-C004,OP-688,IHO-702,01/11/2025,4,39,10.612,""
holo,RHO-OP-688-C005,RHO-702-C005,OP-688,IHO-702,01/11/2025,5,59,16.912,""
holo,RHO-OP-688-C006,RHO-702-C006,OP-688,IHO-702,01/11/2025,6,60,17.880,""
holo,RHO-OP-688-C007,RHO-702-C007,OP-688,IHO-702,01/11/2025,7,50,13.710,""
holo,RHO-OP-689-C001,RHO-703-C001,OP-689,IHO-703,23/11/2025,1,60,19.220,""
holo,RHO-OP-689-C002,RHO-703-C002,OP-689,IHO-703,23/11/2025,2,48,15.550,""
holo,RHO-OP-689-C003,RHO-703-C003,OP-689,IHO-703,23/11/2025,3,59,18.442,""
holo,RHO-OP-689-C004,RHO-703-C004,OP-689,IHO-703,23/11/2025,4,60,19.660,""
holo,RHO-OP-689-C005,RHO-703-C005,OP-689,IHO-703,23/11/2025,5,60,20.590,""
holo,RHO-OP-690-C001,RHO-704-C001,OP-690,IHO-704,04/12/2025,1,60,17.660,""
holo,RHO-OP-690-C002,RHO-704-C002,OP-690,IHO-704,04/12/2025,2,12,2.590,""
holo,RHO-OP-690-C003,RHO-704-C003,OP-690,IHO-704,04/12/2025,3,48,12.430,""
holo,RHO-OP-690-C004,RHO-704-C004,OP-690,IHO-704,04/12/2025,4,12,3.390,""
holo,RHO-OP-690-C005,RHO-704-C005,OP-690,IHO-704,04/12/2025,5,48,13.410,""
holo,RHO-OP-691-C001,RHO-705-C001,OP-691,IHO-705,16/12/2025,1,12,4.320,""
holo,RHO-OP-691-C002,RHO-705-C002,OP-691,IHO-705,16/12/2025,2,48,16.760,""
holo,RHO-OP-691-C003,RHO-705-C003,OP-691,IHO-705,16/12/2025,3,12,4.210,""
holo,RHO-OP-691-C004,RHO-705-C004,OP-691,IHO-705,16/12/2025,4,12,4.120,""
holo,RHO-OP-692-C001,RHO-706-C001,OP-692,IHO-706,18/12/2025,1,60,19.650,""
holo,RHO-OP-692-C002,RHO-706-C002,OP-692,IHO-706,18/12/2025,2,12,3.990,""
holo,RHO-OP-692-C003,RHO-706-C003,OP-692,IHO-706,18/12/2025,3,48,16.820,""
holo,RHO-OP-692-C004,RHO-706-C004,OP-692,IHO-706,18/12/2025,4,60,21.380,""
holo,RHO-OP-692-C005,RHO-706-C005,OP-692,IHO-706,18/12/2025,5,60,21.020,""
holo,RHO-OP-692-C006,RHO-706-C006,OP-692,IHO-706,18/12/2025,6,12,4.150,""
holo,RHO-OP-692-C007,RHO-706-C007,OP-692,IHO-706,18/12/2025,7,48,16.300,""
holo,RHO-OP-692-C008,RHO-706-C008,OP-692,IHO-706,18/12/2025,8,60,20.760,""
holo,RHO-OP-692-C009,RHO-706-C009,OP-692,IHO-706,18/12/2025,9,12,3.870,""
holo,RHO-OP-692-C010,RHO-706-C010,OP-692,IHO-706,18/12/2025,10,48,15.540,""
holo,RHO-OP-692-C011,RHO-706-C011,OP-692,IHO-706,18/12/2025,11,60,20.370,""
holo,RHO-OP-692-C012,RHO-706-C012,OP-692,IHO-706,18/12/2025,12,60,19.270,""
holo,RHO-OP-693-C001,RHO-707-C001,OP-693,IHO-707,22/12/2025,1,48,15.440,""
holo,RHO-OP-693-C002,RHO-707-C002,OP-693,IHO-707,22/12/2025,2,12,3.830,""
holo,RHO-OP-693-C003,RHO-707-C003,OP-693,IHO-707,22/12/2025,3,48,15.460,""
holo,RHO-OP-693-C004,RHO-707-C004,OP-693,IHO-707,22/12/2025,4,12,3.340,""
holo,RHO-OP-693-C005,RHO-707-C005,OP-693,IHO-707,22/12/2025,5,12,3.090,""
holo,RHO-OP-693-C006,RHO-707-C006,OP-693,IHO-707,22/12/2025,6,12,3.970,""
holo,RHO-OP-693-C007,RHO-707-C007,OP-693,IHO-707,22/12/2025,7,12,3.730,""
holo,RHO-OP-693-C008,RHO-707-C008,OP-693,IHO-707,22/12/2025,8,48,15.110,""
holo,RHO-OP-694-C001,RHO-708-C001,OP-694,IHO-708,09/07/2025,1,50,15.610,""
holo,RHO-OP-695-C001,RHO-709-C001,OP-695,IHO-709,25/07/2025,1,50,15.050,""
holo,RHO-OP-696-C001,RHO-710-C001,OP-696,IHO-710,13/03/2023,1,7,2.205,""
holo,RHO-OP-697-C001,RHO-711-C001,OP-697,IHO-711,11/08/2025,1,59,16.202,""
holo,RHO-OP-697-C002,RHO-711-C002,OP-697,IHO-711,11/08/2025,2,60,17.280,""
holo,RHO-OP-697-C003,RHO-711-C003,OP-697,IHO-711,11/08/2025,3,60,18.410,""
holo,RHO-OP-697-C004,RHO-711-C004,OP-697,IHO-711,11/08/2025,4,60,18.210,""
holo,RHO-OP-697-C005,RHO-711-C005,OP-697,IHO-711,11/08/2025,5,60,18.640,""
holo,RHO-OP-697-C006,RHO-711-C006,OP-697,IHO-711,11/08/2025,6,60,18.210,""
holo,RHO-OP-697-C007,RHO-711-C007,OP-697,IHO-711,11/08/2025,7,60,18.430,""
holo,RHO-OP-697-C008,RHO-711-C008,OP-697,IHO-711,11/08/2025,8,60,17.220,""
holo,RHO-OP-697-C009,RHO-711-C009,OP-697,IHO-711,11/08/2025,9,59,18.112,""
holo,RHO-OP-697-C010,RHO-711-C010,OP-697,IHO-711,11/08/2025,10,59,17.972,""
holo,RHO-OP-697-C011,RHO-711-C011,OP-697,IHO-711,11/08/2025,11,60,18.360,""
holo,RHO-OP-697-C012,RHO-711-C012,OP-697,IHO-711,11/08/2025,12,60,17.920,""
holo,RHO-OP-697-C013,RHO-711-C013,OP-697,IHO-711,11/08/2025,13,50,15.080,""
holo,RHO-OP-697-C014,RHO-711-C014,OP-697,IHO-711,11/08/2025,14,50,14.730,""
holo,RHO-OP-697-C015,RHO-711-C015,OP-697,IHO-711,11/08/2025,15,60,18.240,""
holo,RHO-OP-697-C016,RHO-711-C016,OP-697,IHO-711,11/08/2025,16,60,17.240,""
holo,RHO-OP-697-C017,RHO-711-C017,OP-697,IHO-711,11/08/2025,17,60,18.360,""
holo,RHO-OP-697-C018,RHO-711-C018,OP-697,IHO-711,11/08/2025,18,60,18.200,""
holo,RHO-OP-697-C019,RHO-711-C019,OP-697,IHO-711,11/08/2025,19,60,18.160,""
holo,RHO-OP-697-C020,RHO-711-C020,OP-697,IHO-711,11/08/2025,20,59,17.472,""
holo,RHO-OP-697-C021,RHO-711-C021,OP-697,IHO-711,11/08/2025,21,50,15.080,""
holo,RHO-OP-697-C022,RHO-711-C022,OP-697,IHO-711,11/08/2025,22,60,18.430,""
holo,RHO-OP-697-C023,RHO-711-C023,OP-697,IHO-711,11/08/2025,23,50,14.330,""
holo,RHO-OP-697-C024,RHO-711-C024,OP-697,IHO-711,11/08/2025,24,50,14.300,""
holo,RHO-OP-697-C025,RHO-711-C025,OP-697,IHO-711,11/08/2025,25,60,20.160,""
holo,RHO-OP-697-C026,RHO-711-C026,OP-697,IHO-711,11/08/2025,26,60,19.790,""
holo,RHO-OP-697-C027,RHO-711-C027,OP-697,IHO-711,11/08/2025,27,59,19.842,""
holo,RHO-OP-697-C028,RHO-711-C028,OP-697,IHO-711,11/08/2025,28,60,11.740,""
holo,RHO-OP-697-C029,RHO-711-C029,OP-697,IHO-711,11/08/2025,29,60,18.370,""
holo,RHO-OP-697-C030,RHO-711-C030,OP-697,IHO-711,11/08/2025,30,60,18.570,""
holo,RHO-OP-697-C031,RHO-711-C031,OP-697,IHO-711,11/08/2025,31,60,19.120,""
holo,RHO-OP-697-C032,RHO-711-C032,OP-697,IHO-711,11/08/2025,32,60,12.210,""
holo,RHO-OP-697-C033,RHO-711-C033,OP-697,IHO-711,11/08/2025,33,60,18.720,""
holo,RHO-OP-697-C034,RHO-711-C034,OP-697,IHO-711,11/08/2025,34,59,11.992,""
holo,RHO-OP-697-C035,RHO-711-C035,OP-697,IHO-711,11/08/2025,35,60,18.170,""
holo,RHO-OP-697-C036,RHO-711-C036,OP-697,IHO-711,11/08/2025,36,60,11.910,""
holo,RHO-OP-697-C037,RHO-711-C037,OP-697,IHO-711,11/08/2025,37,50,15.060,""
holo,RHO-OP-697-C038,RHO-711-C038,OP-697,IHO-711,11/08/2025,38,60,19.400,""
holo,RHO-OP-697-C039,RHO-711-C039,OP-697,IHO-711,11/08/2025,39,60,17.600,""
holo,RHO-OP-697-C040,RHO-711-C040,OP-697,IHO-711,11/08/2025,40,58,14.940,""
holo,RHO-OP-697-C041,RHO-711-C041,OP-697,IHO-711,11/08/2025,41,58,16.724,""
holo,RHO-OP-697-C042,RHO-711-C042,OP-697,IHO-711,11/08/2025,42,60,17.700,""
holo,RHO-OP-697-C043,RHO-711-C043,OP-697,IHO-711,11/08/2025,43,50,14.850,""
holo,RHO-OP-697-C044,RHO-711-C044,OP-697,IHO-711,11/08/2025,44,50,15.020,""
holo,RHO-OP-697-C045,RHO-711-C045,OP-697,IHO-711,11/08/2025,45,60,18.410,""
holo,RHO-OP-697-C046,RHO-711-C046,OP-697,IHO-711,11/08/2025,46,60,16.320,""
holo,RHO-OP-697-C047,RHO-711-C047,OP-697,IHO-711,11/08/2025,47,12,4.900,""
holo,RHO-OP-697-C048,RHO-711-C048,OP-697,IHO-711,11/08/2025,48,48,19.350,""
holo,RHO-OP-697-C049,RHO-711-C049,OP-697,IHO-711,11/08/2025,49,11,4.535,""
holo,RHO-OP-697-C050,RHO-711-C050,OP-697,IHO-711,11/08/2025,50,48,19.110,""
holo,RHO-OP-697-C051,RHO-711-C051,OP-697,IHO-711,11/08/2025,51,60,17.630,""
holo,RHO-OP-697-C052,RHO-711-C052,OP-697,IHO-711,11/08/2025,52,60,16.870,""
holo,RHO-OP-698-C001,RHO-712-C001,OP-698,IHO-712,15/08/2025,1,60,16.280,""
holo,RHO-OP-698-C002,RHO-712-C002,OP-698,IHO-712,15/08/2025,2,50,15.150,""
holo,RHO-OP-699-C001,RHO-713-C001,OP-699,IHO-713,01/09/2025,1,60,17.420,""
holo,RHO-OP-699-C002,RHO-713-C002,OP-699,IHO-713,01/09/2025,2,20,5.470,""
holo,RHO-OP-699-C003,RHO-713-C003,OP-699,IHO-713,01/09/2025,3,21,5.558,""
holo,RHO-OP-699-C004,RHO-713-C004,OP-699,IHO-713,01/09/2025,4,60,16.790,""
holo,RHO-OP-699-C005,RHO-713-C005,OP-699,IHO-713,01/09/2025,5,60,17.400,""
holo,RHO-OP-699-C006,RHO-713-C006,OP-699,IHO-713,01/09/2025,6,60,15.690,""
holo,RHO-OP-699-C007,RHO-713-C007,OP-699,IHO-713,01/09/2025,7,52,15.986,""
holo,RHO-OP-699-C008,RHO-713-C008,OP-699,IHO-713,01/09/2025,8,60,17.180,""
holo,RHO-OP-699-C009,RHO-713-C009,OP-699,IHO-713,01/09/2025,9,60,17.660,""
holo,RHO-OP-699-C010,RHO-713-C010,OP-699,IHO-713,01/09/2025,10,60,16.540,""
holo,RHO-OP-699-C011,RHO-713-C011,OP-699,IHO-713,01/09/2025,11,59,17.832,""
holo,RHO-OP-699-C012,RHO-713-C012,OP-699,IHO-713,01/09/2025,12,60,17.400,""
holo,RHO-OP-699-C013,RHO-713-C013,OP-699,IHO-713,01/09/2025,13,60,16.880,""
holo,RHO-OP-699-C014,RHO-713-C014,OP-699,IHO-713,01/09/2025,14,60,17.600,""
holo,RHO-OP-699-C015,RHO-713-C015,OP-699,IHO-713,01/09/2025,15,60,17.150,""
holo,RHO-OP-699-C016,RHO-713-C016,OP-699,IHO-713,01/09/2025,16,60,17.800,""
holo,RHO-OP-699-C017,RHO-713-C017,OP-699,IHO-713,01/09/2025,17,60,15.180,""
holo,RHO-OP-699-C018,RHO-713-C018,OP-699,IHO-713,01/09/2025,18,60,17.120,""
holo,RHO-OP-699-C019,RHO-713-C019,OP-699,IHO-713,01/09/2025,19,60,17.660,""
holo,RHO-OP-699-C020,RHO-713-C020,OP-699,IHO-713,01/09/2025,20,59,17.582,""
holo,RHO-OP-699-C021,RHO-713-C021,OP-699,IHO-713,01/09/2025,21,60,17.680,""
holo,RHO-OP-699-C022,RHO-713-C022,OP-699,IHO-713,01/09/2025,22,60,17.930,""
holo,RHO-OP-699-C023,RHO-713-C023,OP-699,IHO-713,01/09/2025,23,60,17.840,""
holo,RHO-OP-699-C024,RHO-713-C024,OP-699,IHO-713,01/09/2025,24,40,11.810,""
holo,RHO-OP-699-C025,RHO-713-C025,OP-699,IHO-713,01/09/2025,25,60,17.610,""
holo,RHO-OP-699-C026,RHO-713-C026,OP-699,IHO-713,01/09/2025,26,60,17.410,""
holo,RHO-OP-699-C027,RHO-713-C027,OP-699,IHO-713,01/09/2025,27,60,17.750,""
holo,RHO-OP-699-C028,RHO-713-C028,OP-699,IHO-713,01/09/2025,28,58,13.094,""
holo,RHO-OP-699-C029,RHO-713-C029,OP-699,IHO-713,01/09/2025,29,60,17.930,""
holo,RHO-OP-699-C030,RHO-713-C030,OP-699,IHO-713,01/09/2025,30,60,17.270,""
holo,RHO-OP-699-C031,RHO-713-C031,OP-699,IHO-713,01/09/2025,31,60,17.930,""
holo,RHO-OP-699-C032,RHO-713-C032,OP-699,IHO-713,01/09/2025,32,60,17.390,""
holo,RHO-OP-699-C033,RHO-713-C033,OP-699,IHO-713,01/09/2025,33,9,0.972,""
holo,RHO-OP-699-C034,RHO-713-C034,OP-699,IHO-713,01/09/2025,34,60,17.600,""
holo,RHO-OP-699-C035,RHO-713-C035,OP-699,IHO-713,01/09/2025,35,60,17.470,""
holo,RHO-OP-699-C036,RHO-713-C036,OP-699,IHO-713,01/09/2025,36,60,17.630,""
holo,RHO-OP-699-C037,RHO-713-C037,OP-699,IHO-713,01/09/2025,37,60,17.590,""
holo,RHO-OP-699-C038,RHO-713-C038,OP-699,IHO-713,01/09/2025,38,60,17.940,""
holo,RHO-OP-699-C039,RHO-713-C039,OP-699,IHO-713,01/09/2025,39,59,17.352,""
holo,RHO-OP-699-C040,RHO-713-C040,OP-699,IHO-713,01/09/2025,40,50,14.830,""
holo,RHO-OP-699-C041,RHO-713-C041,OP-699,IHO-713,01/09/2025,41,60,17.970,""
holo,RHO-OP-699-C042,RHO-713-C042,OP-699,IHO-713,01/09/2025,42,59,16.972,""
holo,RHO-OP-699-C043,RHO-713-C043,OP-699,IHO-713,01/09/2025,43,50,14.840,""
holo,RHO-OP-699-C044,RHO-713-C044,OP-699,IHO-713,01/09/2025,44,60,16.970,""
holo,RHO-OP-699-C045,RHO-713-C045,OP-699,IHO-713,01/09/2025,45,60,16.560,""
holo,RHO-OP-699-C046,RHO-713-C046,OP-699,IHO-713,01/09/2025,46,60,17.840,""
holo,RHO-OP-699-C047,RHO-713-C047,OP-699,IHO-713,01/09/2025,47,60,17.500,""
holo,RHO-OP-699-C048,RHO-713-C048,OP-699,IHO-713,01/09/2025,48,60,17.990,""
holo,RHO-OP-699-C049,RHO-713-C049,OP-699,IHO-713,01/09/2025,49,60,16.480,""
holo,RHO-OP-699-C050,RHO-713-C050,OP-699,IHO-713,01/09/2025,50,59,17.612,""
holo,RHO-OP-699-C051,RHO-713-C051,OP-699,IHO-713,01/09/2025,51,50,14.450,""
holo,RHO-OP-699-C052,RHO-713-C052,OP-699,IHO-713,01/09/2025,52,60,17.400,""
holo,RHO-OP-699-C053,RHO-713-C053,OP-699,IHO-713,01/09/2025,53,60,17.600,""
holo,RHO-OP-699-C054,RHO-713-C054,OP-699,IHO-713,01/09/2025,54,60,17.510,""
holo,RHO-OP-699-C055,RHO-713-C055,OP-699,IHO-713,01/09/2025,55,60,17.430,""
holo,RHO-OP-699-C056,RHO-713-C056,OP-699,IHO-713,01/09/2025,56,50,14.910,""
holo,RHO-OP-699-C057,RHO-713-C057,OP-699,IHO-713,01/09/2025,57,59,17.302,""
holo,RHO-OP-700-C001,RHO-714-C001,OP-700,IHO-714,16/09/2025,1,60,15.860,""
holo,RHO-OP-700-C002,RHO-714-C002,OP-700,IHO-714,16/09/2025,2,20,2.790,""
holo,RHO-OP-700-C003,RHO-714-C003,OP-700,IHO-714,16/09/2025,3,60,17.600,""
holo,RHO-OP-700-C004,RHO-714-C004,OP-700,IHO-714,16/09/2025,4,60,17.420,""
holo,RHO-OP-700-C005,RHO-714-C005,OP-700,IHO-714,16/09/2025,5,60,17.290,""
holo,RHO-OP-700-C006,RHO-714-C006,OP-700,IHO-714,16/09/2025,6,59,16.752,""
holo,RHO-OP-700-C007,RHO-714-C007,OP-700,IHO-714,16/09/2025,7,59,17.062,""
holo,RHO-OP-700-C008,RHO-714-C008,OP-700,IHO-714,16/09/2025,8,60,17.120,""
holo,RHO-OP-700-C009,RHO-714-C009,OP-700,IHO-714,16/09/2025,9,59,16.262,""
holo,RHO-OP-700-C010,RHO-714-C010,OP-700,IHO-714,16/09/2025,10,50,14.320,""
holo,RHO-OP-700-C011,RHO-714-C011,OP-700,IHO-714,16/09/2025,11,60,16.880,""
holo,RHO-OP-700-C012,RHO-714-C012,OP-700,IHO-714,16/09/2025,12,60,17.100,""
holo,RHO-OP-700-C013,RHO-714-C013,OP-700,IHO-714,16/09/2025,13,58,16.864,""
holo,RHO-OP-700-C014,RHO-714-C014,OP-700,IHO-714,16/09/2025,14,50,14.540,""
holo,RHO-OP-700-C015,RHO-714-C015,OP-700,IHO-714,16/09/2025,15,59,16.622,""
holo,RHO-OP-700-C016,RHO-714-C016,OP-700,IHO-714,16/09/2025,16,60,17.210,""
holo,RHO-OP-700-C017,RHO-714-C017,OP-700,IHO-714,16/09/2025,17,60,17.039,""
holo,RHO-OP-700-C018,RHO-714-C018,OP-700,IHO-714,16/09/2025,18,60,16.810,""
holo,RHO-OP-700-C019,RHO-714-C019,OP-700,IHO-714,16/09/2025,19,59,17.362,""
holo,RHO-OP-700-C020,RHO-714-C020,OP-700,IHO-714,16/09/2025,20,60,17.220,""
holo,RHO-OP-700-C021,RHO-714-C021,OP-700,IHO-714,16/09/2025,21,60,17.070,""
holo,RHO-OP-700-C022,RHO-714-C022,OP-700,IHO-714,16/09/2025,22,50,14.210,""
holo,RHO-OP-700-C023,RHO-714-C023,OP-700,IHO-714,16/09/2025,23,59,17.252,""
holo,RHO-OP-700-C024,RHO-714-C024,OP-700,IHO-714,16/09/2025,24,60,17.300,""
holo,RHO-OP-700-C025,RHO-714-C025,OP-700,IHO-714,16/09/2025,25,30,8.750,""
holo,RHO-OP-700-C026,RHO-714-C026,OP-700,IHO-714,16/09/2025,26,50,13.630,""
holo,RHO-OP-700-C027,RHO-714-C027,OP-700,IHO-714,16/09/2025,27,50,14.470,""
holo,RHO-OP-701-C001,RHO-715-C001,OP-701,IHO-715,23/09/2025,1,60,16.650,""
holo,RHO-OP-701-C002,RHO-715-C002,OP-701,IHO-715,23/09/2025,2,59,17.542,""
holo,RHO-OP-701-C003,RHO-715-C003,OP-701,IHO-715,23/09/2025,3,59,16.772,""
holo,RHO-OP-702-C001,RHO-716-C001,OP-702,IHO-716,18/10/2025,1,60,17.720,""
holo,RHO-OP-702-C002,RHO-716-C002,OP-702,IHO-716,18/10/2025,2,36,11.727,""
holo,RHO-OP-702-C003,RHO-716-C003,OP-702,IHO-716,18/10/2025,3,24,7.202,""
holo,RHO-OP-702-C004,RHO-716-C004,OP-702,IHO-716,18/10/2025,4,59,17.682,""
holo,RHO-OP-702-C005,RHO-716-C005,OP-702,IHO-716,18/10/2025,5,60,17.510,""
holo,RHO-OP-702-C006,RHO-716-C006,OP-702,IHO-716,18/10/2025,6,60,17.580,""
holo,RHO-OP-702-C007,RHO-716-C007,OP-702,IHO-716,18/10/2025,7,60,18.210,""
holo,RHO-OP-702-C008,RHO-716-C008,OP-702,IHO-716,18/10/2025,8,60,17.890,""
holo,RHO-OP-702-C009,RHO-716-C009,OP-702,IHO-716,18/10/2025,9,59,17.862,""
holo,RHO-OP-702-C010,RHO-716-C010,OP-702,IHO-716,18/10/2025,10,59,17.982,""
holo,RHO-OP-702-C011,RHO-716-C011,OP-702,IHO-716,18/10/2025,11,50,15.410,""
holo,RHO-OP-702-C012,RHO-716-C012,OP-702,IHO-716,18/10/2025,12,60,18.230,""
holo,RHO-OP-702-C013,RHO-716-C013,OP-702,IHO-716,18/10/2025,13,60,18.150,""
holo,RHO-OP-702-C014,RHO-716-C014,OP-702,IHO-716,18/10/2025,14,50,14.970,""
holo,RHO-OP-702-C015,RHO-716-C015,OP-702,IHO-716,18/10/2025,15,60,12.700,""
holo,RHO-OP-702-C016,RHO-716-C016,OP-702,IHO-716,18/10/2025,16,59,12.662,""
holo,RHO-OP-702-C017,RHO-716-C017,OP-702,IHO-716,18/10/2025,17,50,9.970,""
holo,RHO-OP-702-C018,RHO-716-C018,OP-702,IHO-716,18/10/2025,18,60,13.540,""
holo,RHO-OP-702-C019,RHO-716-C019,OP-702,IHO-716,18/10/2025,19,59,17.802,""
holo,RHO-OP-702-C020,RHO-716-C020,OP-702,IHO-716,18/10/2025,20,60,17.370,""
holo,RHO-OP-702-C021,RHO-716-C021,OP-702,IHO-716,18/10/2025,21,60,16.510,""
holo,RHO-OP-702-C022,RHO-716-C022,OP-702,IHO-716,18/10/2025,22,60,17.120,""
holo,RHO-OP-702-C023,RHO-716-C023,OP-702,IHO-716,18/10/2025,23,60,17.770,""
holo,RHO-OP-702-C024,RHO-716-C024,OP-702,IHO-716,18/10/2025,24,60,18.210,""
holo,RHO-OP-702-C025,RHO-716-C025,OP-702,IHO-716,18/10/2025,25,60,18.070,""
holo,RHO-OP-702-C026,RHO-716-C026,OP-702,IHO-716,18/10/2025,26,60,17.830,""
holo,RHO-OP-702-C027,RHO-716-C027,OP-702,IHO-716,18/10/2025,27,60,17.870,""
holo,RHO-OP-702-C028,RHO-716-C028,OP-702,IHO-716,18/10/2025,28,60,17.950,""
holo,RHO-OP-702-C029,RHO-716-C029,OP-702,IHO-716,18/10/2025,29,60,17.510,""
holo,RHO-OP-702-C030,RHO-716-C030,OP-702,IHO-716,18/10/2025,30,60,17.480,""
holo,RHO-OP-702-C031,RHO-716-C031,OP-702,IHO-716,18/10/2025,31,60,16.580,""
holo,RHO-OP-702-C032,RHO-716-C032,OP-702,IHO-716,18/10/2025,32,60,17.590,""
holo,RHO-OP-702-C033,RHO-716-C033,OP-702,IHO-716,18/10/2025,33,60,17.560,""
holo,RHO-OP-702-C034,RHO-716-C034,OP-702,IHO-716,18/10/2025,34,59,17.172,""
holo,RHO-OP-702-C035,RHO-716-C035,OP-702,IHO-716,18/10/2025,35,26,7.700,""
holo,RHO-OP-702-C036,RHO-716-C036,OP-702,IHO-716,18/10/2025,36,16,3.820,""
holo,RHO-OP-702-C037,RHO-716-C037,OP-702,IHO-716,18/10/2025,37,24,6.136,""
holo,RHO-OP-702-C038,RHO-716-C038,OP-702,IHO-716,18/10/2025,38,60,17.740,""
holo,RHO-OP-702-C039,RHO-716-C039,OP-702,IHO-716,18/10/2025,39,60,17.070,""
holo,RHO-OP-703-C001,RHO-717-C001,OP-703,IHO-717,09/12/2025,1,60,17.400,""
holo,RHO-OP-703-C002,RHO-717-C002,OP-703,IHO-717,09/12/2025,2,50,14.610,""
holo,RHO-OP-703-C003,RHO-717-C003,OP-703,IHO-717,09/12/2025,3,59,15.302,""
holo,RHO-OP-703-C004,RHO-717-C004,OP-703,IHO-717,09/12/2025,4,60,17.210,""
holo,RHO-OP-703-C005,RHO-717-C005,OP-703,IHO-717,09/12/2025,5,60,17.730,""
holo,RHO-OP-703-C006,RHO-717-C006,OP-703,IHO-717,09/12/2025,6,55,13.670,""
holo,RHO-OP-703-C007,RHO-717-C007,OP-703,IHO-717,09/12/2025,7,60,17.730,""
holo,RHO-OP-703-C008,RHO-717-C008,OP-703,IHO-717,09/12/2025,8,46,13.588,""
holo,RHO-OP-703-C009,RHO-717-C009,OP-703,IHO-717,09/12/2025,9,59,17.832,""
holo,RHO-OP-703-C010,RHO-717-C010,OP-703,IHO-717,09/12/2025,10,60,17.720,""
holo,RHO-OP-703-C011,RHO-717-C011,OP-703,IHO-717,09/12/2025,11,60,18.100,""
holo,RHO-OP-703-C012,RHO-717-C012,OP-703,IHO-717,09/12/2025,12,59,17.772,""
holo,RHO-OP-703-C013,RHO-717-C013,OP-703,IHO-717,09/12/2025,13,59,17.222,""
holo,RHO-OP-703-C014,RHO-717-C014,OP-703,IHO-717,09/12/2025,14,60,18.310,""
holo,RHO-OP-703-C015,RHO-717-C015,OP-703,IHO-717,09/12/2025,15,60,17.710,""
holo,RHO-OP-703-C016,RHO-717-C016,OP-703,IHO-717,09/12/2025,16,59,15.845,""
holo,RHO-OP-703-C017,RHO-717-C017,OP-703,IHO-717,09/12/2025,17,60,18.260,""
holo,RHO-OP-703-C018,RHO-717-C018,OP-703,IHO-717,09/12/2025,18,60,17.710,""
holo,RHO-OP-703-C019,RHO-717-C019,OP-703,IHO-717,09/12/2025,19,60,18.080,""
holo,RHO-OP-703-C020,RHO-717-C020,OP-703,IHO-717,09/12/2025,20,60,17.880,""
holo,RHO-OP-703-C021,RHO-717-C021,OP-703,IHO-717,09/12/2025,21,59,16.732,""
holo,RHO-OP-703-C022,RHO-717-C022,OP-703,IHO-717,09/12/2025,22,50,13.810,""
holo,RHO-OP-703-C023,RHO-717-C023,OP-703,IHO-717,09/12/2025,23,59,17.832,""
holo,RHO-OP-703-C024,RHO-717-C024,OP-703,IHO-717,09/12/2025,24,60,18.350,""
holo,RHO-OP-703-C025,RHO-717-C025,OP-703,IHO-717,09/12/2025,25,59,17.672,""
holo,RHO-OP-703-C026,RHO-717-C026,OP-703,IHO-717,09/12/2025,26,60,18.170,""
holo,RHO-OP-703-C027,RHO-717-C027,OP-703,IHO-717,09/12/2025,27,60,17.270,""
holo,RHO-OP-703-C028,RHO-717-C028,OP-703,IHO-717,09/12/2025,28,50,13.780,""
holo,RHO-OP-703-C029,RHO-717-C029,OP-703,IHO-717,09/12/2025,29,11,3.148,""
holo,RHO-OP-704-C001,RHO-718-C001,OP-704,IHO-718,20/11/2025,1,60,17.740,""
holo,RHO-OP-705-C001,RHO-719-C001,OP-705,IHO-719,15/12/2025,1,60,16.550,""
holo,RHO-OP-705-C002,RHO-719-C002,OP-705,IHO-719,15/12/2025,2,60,14.280,""
holo,RHO-OP-705-C003,RHO-719-C003,OP-705,IHO-719,15/12/2025,3,60,16.010,""
holo,RHO-OP-705-C004,RHO-719-C004,OP-705,IHO-719,15/12/2025,4,60,14.840,""
holo,RHO-OP-705-C005,RHO-719-C005,OP-705,IHO-719,15/12/2025,5,60,15.230,""
holo,RHO-OP-705-C006,RHO-719-C006,OP-705,IHO-719,15/12/2025,6,60,16.730,""
holo,RHO-OP-705-C007,RHO-719-C007,OP-705,IHO-719,15/12/2025,7,60,16.430,""
holo,RHO-OP-705-C008,RHO-719-C008,OP-705,IHO-719,15/12/2025,8,60,16.450,""
holo,RHO-OP-705-C009,RHO-719-C009,OP-705,IHO-719,15/12/2025,9,59,14.105,""
holo,RHO-OP-705-C010,RHO-719-C010,OP-705,IHO-719,15/12/2025,10,59,16.782,""
holo,RHO-OP-705-C011,RHO-719-C011,OP-705,IHO-719,15/12/2025,11,50,13.260,""
holo,RHO-OP-705-C012,RHO-719-C012,OP-705,IHO-719,15/12/2025,12,60,16.310,""
holo,RHO-OP-705-C013,RHO-719-C013,OP-705,IHO-719,15/12/2025,13,59,16.312,""
holo,RHO-OP-705-C014,RHO-719-C014,OP-705,IHO-719,15/12/2025,14,60,17.000,""
holo,RHO-OP-705-C015,RHO-719-C015,OP-705,IHO-719,15/12/2025,15,60,17.060,""
holo,RHO-OP-705-C016,RHO-719-C016,OP-705,IHO-719,15/12/2025,16,50,13.610,""
holo,RHO-OP-705-C017,RHO-719-C017,OP-705,IHO-719,15/12/2025,17,60,17.280,""
holo,RHO-OP-705-C018,RHO-719-C018,OP-705,IHO-719,15/12/2025,18,60,15.940,""
holo,RHO-OP-705-C019,RHO-719-C019,OP-705,IHO-719,15/12/2025,19,50,13.540,""
holo,RHO-OP-705-C020,RHO-719-C020,OP-705,IHO-719,15/12/2025,20,60,16.780,""
holo,RHO-OP-705-C021,RHO-719-C021,OP-705,IHO-719,15/12/2025,21,60,17.180,""
holo,RHO-OP-705-C022,RHO-719-C022,OP-705,IHO-719,15/12/2025,22,60,16.910,""
holo,RHO-OP-705-C023,RHO-719-C023,OP-705,IHO-719,15/12/2025,23,60,17.060,""
holo,RHO-OP-705-C024,RHO-719-C024,OP-705,IHO-719,15/12/2025,24,59,16.752,""
holo,RHO-OP-705-C025,RHO-719-C025,OP-705,IHO-719,15/12/2025,25,50,14.180,""
holo,RHO-OP-705-C026,RHO-719-C026,OP-705,IHO-719,15/12/2025,26,59,16.132,""
holo,RHO-OP-705-C027,RHO-719-C027,OP-705,IHO-719,15/12/2025,27,50,12.640,""
holo,RHO-OP-705-C028,RHO-719-C028,OP-705,IHO-719,15/12/2025,28,60,16.770,""
holo,RHO-OP-705-C029,RHO-719-C029,OP-705,IHO-719,15/12/2025,29,7,2.686,""
holo,RHO-OP-706-C001,RHO-720-C001,OP-706,IHO-720,13/12/2025,1,24,2.592,""
holo,RHO-OP-707-C001,RHO-721-C001,OP-707,IHO-721,16/12/2025,1,10,1.390,""
holo,RHO-OP-707-C002,RHO-721-C002,OP-707,IHO-721,16/12/2025,2,30,2.070,""
holo,RHO-OP-707-C003,RHO-721-C003,OP-707,IHO-721,16/12/2025,3,60,17.850,""
holo,RHO-OP-707-C004,RHO-721-C004,OP-707,IHO-721,16/12/2025,4,60,17.600,""
holo,RHO-OP-707-C005,RHO-721-C005,OP-707,IHO-721,16/12/2025,5,60,17.520,""
holo,RHO-OP-707-C006,RHO-721-C006,OP-707,IHO-721,16/12/2025,6,59,17.662,""
holo,RHO-OP-708-C001,RHO-722-C001,OP-708,IHO-722,17/12/2025,1,10,2.550,""
holo,RHO-OP-708-C002,RHO-722-C002,OP-708,IHO-722,17/12/2025,2,60,18.030,""
holo,RHO-OP-708-C003,RHO-722-C003,OP-708,IHO-722,17/12/2025,3,60,17.820,""
holo,RHO-OP-709-C001,RHO-723-C001,OP-709,IHO-723,22/12/2025,1,60,17.730,""
holo,RHO-OP-709-C002,RHO-723-C002,OP-709,IHO-723,22/12/2025,2,30,8.600,""
holo,RHO-OP-709-C003,RHO-723-C003,OP-709,IHO-723,22/12/2025,3,60,17.230,""
holo,RHO-OP-709-C004,RHO-723-C004,OP-709,IHO-723,22/12/2025,4,59,17.082,""
holo,RHO-OP-709-C005,RHO-723-C005,OP-709,IHO-723,22/12/2025,5,60,17.510,""
holo,RHO-OP-709-C006,RHO-723-C006,OP-709,IHO-723,22/12/2025,6,59,16.872,""
holo,RHO-OP-709-C007,RHO-723-C007,OP-709,IHO-723,22/12/2025,7,50,14.440,""
holo,RHO-OP-710-C001,RHO-724-C001,OP-710,IHO-724,02/01/2026,1,60,22.140,""
holo,RHO-OP-710-C002,RHO-724-C002,OP-710,IHO-724,02/01/2026,2,59,21.932,""
holo,RHO-OP-710-C003,RHO-724-C003,OP-710,IHO-724,02/01/2026,3,60,22.510,""
holo,RHO-OP-710-C004,RHO-724-C004,OP-710,IHO-724,02/01/2026,4,50,18.210,""
holo,RHO-OP-710-C005,RHO-724-C005,OP-710,IHO-724,02/01/2026,5,50,18.700,""
holo,RHO-OP-711-C001,RHO-725-C001,OP-711,IHO-725,18/07/2025,1,50,14.720,""
holo,RHO-OP-711-C002,RHO-725-C002,OP-711,IHO-725,18/07/2025,2,30,8.900,""
holo,RHO-OP-711-C003,RHO-725-C003,OP-711,IHO-725,18/07/2025,3,50,13.680,""
holo,RHO-OP-712-C001,RHO-726-C001,OP-712,IHO-726,13/02/2023,1,30,11.130,""
holo,RHO-OP-713-C001,RHO-727-C001,OP-713,IHO-727,06/01/2025,1,49,14.975,""
holo,RHO-OP-714-C001,RHO-728-C001,OP-714,IHO-728,18/12/2025,1,50,11.650,""
holo,RHO-OP-715-C001,RHO-729-C001,OP-715,IHO-729,13/09/2025,1,31,12.055,""
holo,RHO-OP-715-C002,RHO-729-C002,OP-715,IHO-729,13/09/2025,2,53,15.344,""
holo,RHO-OP-716-C001,RHO-730-C001,OP-716,IHO-730,13/12/2025,1,50,15.610,""
holo,RHO-OP-716-C002,RHO-730-C002,OP-716,IHO-730,13/12/2025,2,50,14.480,""
holo,RHO-OP-716-C003,RHO-730-C003,OP-716,IHO-730,13/12/2025,3,50,12.120,""
holo,RHO-OP-716-C004,RHO-730-C004,OP-716,IHO-730,13/12/2025,4,60,18.520,""
holo,RHO-OP-716-C005,RHO-730-C005,OP-716,IHO-730,13/12/2025,5,59,15.392,""
holo,RHO-OP-716-C006,RHO-730-C006,OP-716,IHO-730,13/12/2025,6,50,15.600,""
holo,RHO-OP-716-C007,RHO-730-C007,OP-716,IHO-730,13/12/2025,7,36,9.660,""
holo,RHO-OP-716-C008,RHO-730-C008,OP-716,IHO-730,13/12/2025,8,50,13.540,""
holo,RHO-OP-716-C009,RHO-730-C009,OP-716,IHO-730,13/12/2025,9,50,15.920,""
holo,RHO-OP-716-C010,RHO-730-C010,OP-716,IHO-730,13/12/2025,10,50,16.580,""
holo,RHO-OP-716-C011,RHO-730-C011,OP-716,IHO-730,13/12/2025,11,50,17.190,""
holo,RHO-OP-716-C012,RHO-730-C012,OP-716,IHO-730,13/12/2025,12,50,15.810,""
holo,RHO-OP-716-C013,RHO-730-C013,OP-716,IHO-730,13/12/2025,13,60,18.260,""
holo,RHO-OP-716-C014,RHO-730-C014,OP-716,IHO-730,13/12/2025,14,50,16.840,""
holo,RHO-OP-716-C015,RHO-730-C015,OP-716,IHO-730,13/12/2025,15,50,17.530,""
holo,RHO-OP-716-C016,RHO-730-C016,OP-716,IHO-730,13/12/2025,16,50,18.210,""
holo,RHO-OP-716-C017,RHO-730-C017,OP-716,IHO-730,13/12/2025,17,50,21.040,""
holo,RHO-OP-716-C018,RHO-730-C018,OP-716,IHO-730,13/12/2025,18,50,18.250,""
holo,RHO-OP-716-C019,RHO-730-C019,OP-716,IHO-730,13/12/2025,19,50,19.040,""
holo,RHO-OP-716-C020,RHO-730-C020,OP-716,IHO-730,13/12/2025,20,50,20.170,""
holo,RHO-OP-716-C021,RHO-730-C021,OP-716,IHO-730,13/12/2025,21,48,16.594,""
holo,RHO-OP-717-C001,RHO-731-C001,OP-717,IHO-731,26/11/2025,1,11,4.565,""
holo,RHO-OP-717-C002,RHO-731-C002,OP-717,IHO-731,26/11/2025,2,12,4.600,""
holo,RHO-OP-717-C003,RHO-731-C003,OP-717,IHO-731,26/11/2025,3,12,4.030,""
holo,RHO-OP-717-C004,RHO-731-C004,OP-717,IHO-731,26/11/2025,4,11,3.805,""
holo,RHO-OP-717-C005,RHO-731-C005,OP-717,IHO-731,26/11/2025,5,12,4.790,""
holo,RHO-OP-718-C001,RHO-732-C001,OP-718,IHO-732,29/11/2025,1,48,18.660,""
holo,RHO-OP-719-C001,RHO-733-C001,OP-719,IHO-733,02/12/2025,1,14,5.840,""
holo,RHO-OP-719-C002,RHO-733-C002,OP-719,IHO-733,02/12/2025,2,12,4.530,""
holo,RHO-OP-719-C003,RHO-733-C003,OP-719,IHO-733,02/12/2025,3,48,16.940,""
holo,RHO-OP-719-C004,RHO-733-C004,OP-719,IHO-733,02/12/2025,4,59,24.055,""
holo,RHO-OP-719-C005,RHO-733-C005,OP-719,IHO-733,02/12/2025,5,12,5.120,""
holo,RHO-OP-719-C006,RHO-733-C006,OP-719,IHO-733,02/12/2025,6,12,5.100,""
holo,RHO-OP-719-C007,RHO-733-C007,OP-719,IHO-733,02/12/2025,7,11,4.315,""
holo,RHO-OP-719-C008,RHO-733-C008,OP-719,IHO-733,02/12/2025,8,12,5.060,""
holo,RHO-OP-719-C009,RHO-733-C009,OP-719,IHO-733,02/12/2025,9,60,25.230,""
holo,RHO-OP-719-C010,RHO-733-C010,OP-719,IHO-733,02/12/2025,10,48,20.570,""
holo,RHO-OP-719-C011,RHO-733-C011,OP-719,IHO-733,02/12/2025,11,12,4.620,""
holo,RHO-OP-719-C012,RHO-733-C012,OP-719,IHO-733,02/12/2025,12,48,20.410,""
holo,RHO-OP-719-C013,RHO-733-C013,OP-719,IHO-733,02/12/2025,13,12,4.160,""
holo,RHO-OP-719-C014,RHO-733-C014,OP-719,IHO-733,02/12/2025,14,48,19.990,""
holo,RHO-OP-720-C001,RHO-734-C001,OP-720,IHO-734,18/12/2025,1,11,4.555,""
holo,RHO-OP-720-C002,RHO-734-C002,OP-720,IHO-734,18/12/2025,2,11,3.005,""
holo,RHO-OP-720-C003,RHO-734-C003,OP-720,IHO-734,18/12/2025,3,12,4.920,""
holo,RHO-OP-720-C004,RHO-734-C004,OP-720,IHO-734,18/12/2025,4,48,20.030,""
holo,RHO-OP-720-C005,RHO-734-C005,OP-720,IHO-734,18/12/2025,5,11,4.555,""
holo,RHO-OP-720-C006,RHO-734-C006,OP-720,IHO-734,18/12/2025,6,12,5.060,""
holo,RHO-OP-720-C007,RHO-734-C007,OP-720,IHO-734,18/12/2025,7,48,19.480,""
holo,RHO-OP-720-C008,RHO-734-C008,OP-720,IHO-734,18/12/2025,8,11,4.505,""
holo,RHO-OP-720-C009,RHO-734-C009,OP-720,IHO-734,18/12/2025,9,48,19.300,""
holo,RHO-OP-720-C010,RHO-734-C010,OP-720,IHO-734,18/12/2025,10,12,4.920,""
holo,RHO-OP-720-C011,RHO-734-C011,OP-720,IHO-734,18/12/2025,11,48,18.410,""
holo,RHO-OP-721-C001,RHO-735-C001,OP-721,IHO-735,04/01/2025,1,32,9.610,""
holo,RHO-OP-721-C002,RHO-735-C002,OP-721,IHO-735,04/01/2025,2,33,10.535,""
holo,RHO-OP-721-C003,RHO-735-C003,OP-721,IHO-735,04/01/2025,3,17,5.596,""
holo,RHO-OP-722-C001,RHO-736-C001,OP-722,IHO-736,06/01/2025,1,25,6.805,""
holo,RHO-OP-723-C001,RHO-737-C001,OP-723,IHO-737,14/07/2025,1,12,4.850,""
holo,RHO-OP-723-C002,RHO-737-C002,OP-723,IHO-737,14/07/2025,2,12,4.740,""
holo,RHO-OP-724-C001,RHO-738-C001,OP-724,IHO-738,21/07/2025,1,25,8.915,""
holo,RHO-OP-725-C001,RHO-739-C001,OP-725,IHO-739,13/02/2025,1,18,7.300,""
holo,RHO-OP-726-C001,RHO-740-C001,OP-726,IHO-740,28/11/2025,1,48,18.700,""
holo,RHO-OP-726-C002,RHO-740-C002,OP-726,IHO-740,28/11/2025,2,48,19.430,""
holo,RHO-OP-726-C003,RHO-740-C003,OP-726,IHO-740,28/11/2025,3,48,19.980,""
holo,RHO-OP-726-C004,RHO-740-C004,OP-726,IHO-740,28/11/2025,4,12,4.970,""
holo,RHO-OP-726-C005,RHO-740-C005,OP-726,IHO-740,28/11/2025,5,48,19.490,""
holo,RHO-OP-726-C006,RHO-740-C006,OP-726,IHO-740,28/11/2025,6,48,19.500,""
holo,RHO-OP-726-C007,RHO-740-C007,OP-726,IHO-740,28/11/2025,7,12,4.950,""
holo,RHO-OP-726-C008,RHO-740-C008,OP-726,IHO-740,28/11/2025,8,12,5.010,""
holo,RHO-OP-727-C001,RHO-741-C001,OP-727,IHO-741,03/12/2025,1,10,4.020,""
holo,RHO-OP-727-C002,RHO-741-C002,OP-727,IHO-741,03/12/2025,2,11,4.525,""
holo,RHO-OP-727-C003,RHO-741-C003,OP-727,IHO-741,03/12/2025,3,48,19.220,""
holo,RHO-OP-727-C004,RHO-741-C004,OP-727,IHO-741,03/12/2025,4,12,4.950,""
holo,RHO-OP-727-C005,RHO-741-C005,OP-727,IHO-741,03/12/2025,5,12,4.810,""
holo,RHO-OP-728-C001,RHO-742-C001,OP-728,IHO-742,22/12/2025,1,12,4.270,""
holo,RHO-OP-729-C001,RHO-743-C001,OP-729,IHO-743,17/08/2025,1,12,5.030,""
holo,RHO-OP-729-C002,RHO-743-C002,OP-729,IHO-743,17/08/2025,2,12,4.880,""
holo,RHO-OP-729-C003,RHO-743-C003,OP-729,IHO-743,17/08/2025,3,12,4.850,""
holo,RHO-OP-729-C004,RHO-743-C004,OP-729,IHO-743,17/08/2025,4,12,4.610,""
holo,RHO-OP-729-C005,RHO-743-C005,OP-729,IHO-743,17/08/2025,5,12,4.950,""
holo,RHO-OP-730-C001,RHO-744-C001,OP-730,IHO-744,02/12/2025,1,12,5.070,""
holo,RHO-OP-730-C002,RHO-744-C002,OP-730,IHO-744,02/12/2025,2,48,15.880,""
holo,RHO-OP-731-C001,RHO-745-C001,OP-731,IHO-745,05/12/2025,1,12,4.520,""
holo,RHO-OP-732-C001,RHO-746-C001,OP-732,IHO-746,02/01/2026,1,60,25.370,""
holo,RHO-OP-732-C002,RHO-746-C002,OP-732,IHO-746,02/01/2026,2,60,25.110,""
holo,RHO-OP-732-C003,RHO-746-C003,OP-732,IHO-746,02/01/2026,3,12,5.090,""
holo,RHO-OP-732-C004,RHO-746-C004,OP-732,IHO-746,02/01/2026,4,48,20.290,""
holo,RHO-OP-733-C001,RHO-747-C001,OP-733,IHO-747,04/04/2025,1,12,4.350,""
holo,RHO-OP-734-C001,RHO-748-C001,OP-734,IHO-748,06/01/2025,1,50,15.990,""
holo,RHO-OP-735-C001,RHO-749-C001,OP-735,IHO-749,07/01/2025,1,49,15.245,""
holo,RHO-OP-736-C001,RHO-750-C001,OP-736,IHO-750,06/08/2025,1,60,13.430,""
holo,RHO-OP-736-C002,RHO-750-C002,OP-736,IHO-750,06/08/2025,2,60,14.130,""
holo,RHO-OP-736-C003,RHO-750-C003,OP-736,IHO-750,06/08/2025,3,60,9.520,""
holo,RHO-OP-736-C004,RHO-750-C004,OP-736,IHO-750,06/08/2025,4,3,0.584,""
holo,RHO-OP-736-C005,RHO-750-C005,OP-736,IHO-750,06/08/2025,5,59,6.802,""
holo,RHO-OP-736-C006,RHO-750-C006,OP-736,IHO-750,06/08/2025,6,60,14.180,""
holo,RHO-OP-736-C007,RHO-750-C007,OP-736,IHO-750,06/08/2025,7,60,13.440,""
holo,RHO-OP-736-C008,RHO-750-C008,OP-736,IHO-750,06/08/2025,8,28,5.404,""
holo,RHO-OP-736-C009,RHO-750-C009,OP-736,IHO-750,06/08/2025,9,60,14.010,""
holo,RHO-OP-736-C010,RHO-750-C010,OP-736,IHO-750,06/08/2025,10,37,4.165,""
holo,RHO-OP-737-C001,RHO-751-C001,OP-737,IHO-751,01/11/2025,1,60,17.570,""
holo,RHO-OP-738-C001,RHO-752-C001,OP-738,IHO-752,07/09/2025,1,60,14.030,""
holo,RHO-OP-738-C002,RHO-752-C002,OP-738,IHO-752,07/09/2025,2,60,7.150,""
holo,RHO-OP-738-C003,RHO-752-C003,OP-738,IHO-752,07/09/2025,3,59,6.962,""
holo,RHO-OP-738-C004,RHO-752-C004,OP-738,IHO-752,07/09/2025,4,60,13.770,""
holo,RHO-OP-738-C005,RHO-752-C005,OP-738,IHO-752,07/09/2025,5,60,14.180,""
holo,RHO-OP-738-C006,RHO-752-C006,OP-738,IHO-752,07/09/2025,6,60,14.170,""
holo,RHO-OP-738-C007,RHO-752-C007,OP-738,IHO-752,07/09/2025,7,59,13.872,""
holo,RHO-OP-738-C008,RHO-752-C008,OP-738,IHO-752,07/09/2025,8,60,13.930,""
holo,RHO-OP-738-C009,RHO-752-C009,OP-738,IHO-752,07/09/2025,9,60,8.890,""
holo,RHO-OP-738-C010,RHO-752-C010,OP-738,IHO-752,07/09/2025,10,60,11.670,""
holo,RHO-OP-738-C011,RHO-752-C011,OP-738,IHO-752,07/09/2025,11,60,14.290,""
holo,RHO-OP-738-C012,RHO-752-C012,OP-738,IHO-752,07/09/2025,12,60,13.870,""
holo,RHO-OP-738-C013,RHO-752-C013,OP-738,IHO-752,07/09/2025,13,60,7.030,""
holo,RHO-OP-738-C014,RHO-752-C014,OP-738,IHO-752,07/09/2025,14,60,13.830,""
holo,RHO-OP-738-C015,RHO-752-C015,OP-738,IHO-752,07/09/2025,15,23,1.944,""
holo,RHO-OP-738-C016,RHO-752-C016,OP-738,IHO-752,07/09/2025,16,20,4.560,""
holo,RHO-OP-739-C001,RHO-753-C001,OP-739,IHO-753,27/09/2025,1,60,7.290,""
holo,RHO-OP-739-C002,RHO-753-C002,OP-739,IHO-753,27/09/2025,2,60,13.460,""
holo,RHO-OP-739-C003,RHO-753-C003,OP-739,IHO-753,27/09/2025,3,60,6.630,""
holo,RHO-OP-739-C004,RHO-753-C004,OP-739,IHO-753,27/09/2025,4,60,13.770,""
holo,RHO-OP-739-C005,RHO-753-C005,OP-739,IHO-753,27/09/2025,5,59,12.292,""
holo,RHO-OP-739-C006,RHO-753-C006,OP-739,IHO-753,27/09/2025,6,59,13.592,""
holo,RHO-OP-739-C007,RHO-753-C007,OP-739,IHO-753,27/09/2025,7,60,13.970,""
holo,RHO-OP-739-C008,RHO-753-C008,OP-739,IHO-753,27/09/2025,8,59,13.482,""
holo,RHO-OP-739-C009,RHO-753-C009,OP-739,IHO-753,27/09/2025,9,60,13.600,""
holo,RHO-OP-739-C010,RHO-753-C010,OP-739,IHO-753,27/09/2025,10,60,15.900,""
holo,RHO-OP-739-C011,RHO-753-C011,OP-739,IHO-753,27/09/2025,11,60,15.610,""
holo,RHO-OP-739-C012,RHO-753-C012,OP-739,IHO-753,27/09/2025,12,60,13.700,""
holo,RHO-OP-739-C013,RHO-753-C013,OP-739,IHO-753,27/09/2025,13,60,13.700,""
holo,RHO-OP-739-C014,RHO-753-C014,OP-739,IHO-753,27/09/2025,14,60,15.690,""
holo,RHO-OP-739-C015,RHO-753-C015,OP-739,IHO-753,27/09/2025,15,60,14.650,""
holo,RHO-OP-739-C016,RHO-753-C016,OP-739,IHO-753,27/09/2025,16,60,12.940,""
holo,RHO-OP-739-C017,RHO-753-C017,OP-739,IHO-753,27/09/2025,17,60,14.830,""
holo,RHO-OP-739-C018,RHO-753-C018,OP-739,IHO-753,27/09/2025,18,60,13.750,""
holo,RHO-OP-739-C019,RHO-753-C019,OP-739,IHO-753,27/09/2025,19,60,13.530,""
holo,RHO-OP-739-C020,RHO-753-C020,OP-739,IHO-753,27/09/2025,20,49,11.472,""
holo,RHO-OP-739-C021,RHO-753-C021,OP-739,IHO-753,27/09/2025,21,60,14.680,""
holo,RHO-OP-739-C022,RHO-753-C022,OP-739,IHO-753,27/09/2025,22,59,13.732,""
holo,RHO-OP-739-C023,RHO-753-C023,OP-739,IHO-753,27/09/2025,23,60,17.020,""
holo,RHO-OP-739-C024,RHO-753-C024,OP-739,IHO-753,27/09/2025,24,60,13.760,""
holo,RHO-OP-739-C025,RHO-753-C025,OP-739,IHO-753,27/09/2025,25,60,13.560,""
holo,RHO-OP-739-C026,RHO-753-C026,OP-739,IHO-753,27/09/2025,26,60,13.590,""
holo,RHO-OP-739-C027,RHO-753-C027,OP-739,IHO-753,27/09/2025,27,50,11.410,""
holo,RHO-OP-739-C028,RHO-753-C028,OP-739,IHO-753,27/09/2025,28,50,11.550,""
holo,RHO-OP-739-C029,RHO-753-C029,OP-739,IHO-753,27/09/2025,29,50,11.530,""
holo,RHO-OP-739-C030,RHO-753-C030,OP-739,IHO-753,27/09/2025,30,50,11.210,""
holo,RHO-OP-739-C031,RHO-753-C031,OP-739,IHO-753,27/09/2025,31,50,10.970,""
holo,RHO-OP-740-C001,RHO-754-C001,OP-740,IHO-754,01/12/2025,1,59,9.982,""
holo,RHO-OP-740-C002,RHO-754-C002,OP-740,IHO-754,01/12/2025,2,59,14.552,""
holo,RHO-OP-740-C003,RHO-754-C003,OP-740,IHO-754,01/12/2025,3,60,14.520,""
holo,RHO-OP-740-C004,RHO-754-C004,OP-740,IHO-754,01/12/2025,4,59,15.562,""
holo,RHO-OP-740-C005,RHO-754-C005,OP-740,IHO-754,01/12/2025,5,60,15.420,""
holo,RHO-OP-740-C006,RHO-754-C006,OP-740,IHO-754,01/12/2025,6,60,14.530,""
holo,RHO-OP-740-C007,RHO-754-C007,OP-740,IHO-754,01/12/2025,7,59,13.552,""
holo,RHO-OP-740-C008,RHO-754-C008,OP-740,IHO-754,01/12/2025,8,59,16.792,""
holo,RHO-OP-740-C009,RHO-754-C009,OP-740,IHO-754,01/12/2025,9,59,14.832,""
holo,RHO-OP-740-C010,RHO-754-C010,OP-740,IHO-754,01/12/2025,10,60,13.500,""
holo,RHO-OP-740-C011,RHO-754-C011,OP-740,IHO-754,01/12/2025,11,60,13.930,""
holo,RHO-OP-740-C012,RHO-754-C012,OP-740,IHO-754,01/12/2025,12,59,14.772,""
holo,RHO-OP-740-C013,RHO-754-C013,OP-740,IHO-754,01/12/2025,13,60,13.100,""
holo,RHO-OP-740-C014,RHO-754-C014,OP-740,IHO-754,01/12/2025,14,59,15.252,""
holo,RHO-OP-740-C015,RHO-754-C015,OP-740,IHO-754,01/12/2025,15,60,13.760,""
holo,RHO-OP-740-C016,RHO-754-C016,OP-740,IHO-754,01/12/2025,16,60,13.730,""
holo,RHO-OP-740-C017,RHO-754-C017,OP-740,IHO-754,01/12/2025,17,60,13.730,""
holo,RHO-OP-740-C018,RHO-754-C018,OP-740,IHO-754,01/12/2025,18,60,12.230,""
holo,RHO-OP-740-C019,RHO-754-C019,OP-740,IHO-754,01/12/2025,19,60,13.760,""
holo,RHO-OP-740-C020,RHO-754-C020,OP-740,IHO-754,01/12/2025,20,60,13.870,""
holo,RHO-OP-740-C021,RHO-754-C021,OP-740,IHO-754,01/12/2025,21,59,13.652,""
holo,RHO-OP-740-C022,RHO-754-C022,OP-740,IHO-754,01/12/2025,22,59,13.662,""
holo,RHO-OP-740-C023,RHO-754-C023,OP-740,IHO-754,01/12/2025,23,59,13.522,""
holo,RHO-OP-740-C024,RHO-754-C024,OP-740,IHO-754,01/12/2025,24,12,2.926,""
holo,RHO-OP-740-C025,RHO-754-C025,OP-740,IHO-754,01/12/2025,25,48,11.434,""
holo,RHO-OP-740-C026,RHO-754-C026,OP-740,IHO-754,01/12/2025,26,60,11.430,""
holo,RHO-OP-740-C027,RHO-754-C027,OP-740,IHO-754,01/12/2025,27,60,13.010,""
holo,RHO-OP-740-C028,RHO-754-C028,OP-740,IHO-754,01/12/2025,28,50,10.770,""
holo,RHO-OP-740-C029,RHO-754-C029,OP-740,IHO-754,01/12/2025,29,50,10.450,""
holo,RHO-OP-740-C030,RHO-754-C030,OP-740,IHO-754,01/12/2025,30,50,10.710,""
holo,RHO-OP-740-C031,RHO-754-C031,OP-740,IHO-754,01/12/2025,31,50,10.210,""
holo,RHO-OP-740-C032,RHO-754-C032,OP-740,IHO-754,01/12/2025,32,50,10.090,""
holo,RHO-OP-741-C001,RHO-755-C001,OP-741,IHO-755,03/01/2025,1,50,10.740,""
holo,RHO-OP-742-C001,RHO-756-C001,OP-742,IHO-756,10/12/2025,1,48,13.080,""
holo,RHO-OP-742-C002,RHO-756-C002,OP-742,IHO-756,10/12/2025,2,59,18.585,""
holo,RHO-OP-742-C003,RHO-756-C003,OP-742,IHO-756,10/12/2025,3,12,3.710,""
holo,RHO-OP-742-C004,RHO-756-C004,OP-742,IHO-756,10/12/2025,4,48,14.810,""
holo,RHO-OP-743-C001,RHO-757-C001,OP-743,IHO-757,03/01/2025,1,43,6.395,""
holo,RHO-OP-744-C001,RHO-758-C001,OP-744,IHO-758,12/12/2025,1,49,15.312,""
holo,RHO-OP-745-C001,RHO-759-C001,OP-745,IHO-759,30/05/2025,1,26,4.338,""
holo,RHO-OP-746-C001,RHO-760-C001,OP-746,IHO-760,06/01/2025,1,31,9.965,""
holo,RHO-OP-747-C001,RHO-761-C001,OP-747,IHO-761,26/07/2025,1,11,3.535,""
holo,RHO-OP-747-C002,RHO-761-C002,OP-747,IHO-761,26/07/2025,2,48,17.670,""
holo,RHO-OP-747-C003,RHO-761-C003,OP-747,IHO-761,26/07/2025,3,11,3.945,""
holo,RHO-OP-747-C004,RHO-761-C004,OP-747,IHO-761,26/07/2025,4,11,3.315,""
holo,RHO-OP-748-C001,RHO-762-C001,OP-748,IHO-762,10/08/2025,1,18,5.680,""
holo,RHO-OP-748-C002,RHO-762-C002,OP-748,IHO-762,10/08/2025,2,6,0.900,""
holo,RHO-OP-749-C001,RHO-763-C001,OP-749,IHO-763,17/08/2025,1,11,4.025,""
holo,RHO-OP-750-C001,RHO-764-C001,OP-750,IHO-764,10/09/2025,1,12,4.840,""
holo,RHO-OP-750-C002,RHO-764-C002,OP-750,IHO-764,10/09/2025,2,48,18.320,""
holo,RHO-OP-750-C003,RHO-764-C003,OP-750,IHO-764,10/09/2025,3,48,18.790,""
holo,RHO-OP-750-C004,RHO-764-C004,OP-750,IHO-764,10/09/2025,4,12,4.490,""
holo,RHO-OP-750-C005,RHO-764-C005,OP-750,IHO-764,10/09/2025,5,48,18.160,""
holo,RHO-OP-750-C006,RHO-764-C006,OP-750,IHO-764,10/09/2025,6,48,18.790,""
holo,RHO-OP-750-C007,RHO-764-C007,OP-750,IHO-764,10/09/2025,7,12,4.640,""
holo,RHO-OP-750-C008,RHO-764-C008,OP-750,IHO-764,10/09/2025,8,11,4.245,""
holo,RHO-OP-750-C009,RHO-764-C009,OP-750,IHO-764,10/09/2025,9,11,3.905,""
holo,RHO-OP-750-C010,RHO-764-C010,OP-750,IHO-764,10/09/2025,10,48,16.940,""
holo,RHO-OP-750-C011,RHO-764-C011,OP-750,IHO-764,10/09/2025,11,12,4.720,""
holo,RHO-OP-750-C012,RHO-764-C012,OP-750,IHO-764,10/09/2025,12,48,18.860,""
holo,RHO-OP-750-C013,RHO-764-C013,OP-750,IHO-764,10/09/2025,13,11,4.305,""
holo,RHO-OP-750-C014,RHO-764-C014,OP-750,IHO-764,10/09/2025,14,48,18.990,""
holo,RHO-OP-750-C015,RHO-764-C015,OP-750,IHO-764,10/09/2025,15,11,4.265,""
holo,RHO-OP-750-C016,RHO-764-C016,OP-750,IHO-764,10/09/2025,16,48,18.930,""
holo,RHO-OP-750-C017,RHO-764-C017,OP-750,IHO-764,10/09/2025,17,48,18.980,""
holo,RHO-OP-750-C018,RHO-764-C018,OP-750,IHO-764,10/09/2025,18,12,4.710,""
holo,RHO-OP-750-C019,RHO-764-C019,OP-750,IHO-764,10/09/2025,19,11,4.055,""
holo,RHO-OP-750-C020,RHO-764-C020,OP-750,IHO-764,10/09/2025,20,48,18.180,""
holo,RHO-OP-750-C021,RHO-764-C021,OP-750,IHO-764,10/09/2025,21,48,18.820,""
holo,RHO-OP-750-C022,RHO-764-C022,OP-750,IHO-764,10/09/2025,22,11,4.245,""
holo,RHO-OP-750-C023,RHO-764-C023,OP-750,IHO-764,10/09/2025,23,11,4.185,""
holo,RHO-OP-750-C024,RHO-764-C024,OP-750,IHO-764,10/09/2025,24,48,18.870,""
holo,RHO-OP-750-C025,RHO-764-C025,OP-750,IHO-764,10/09/2025,25,11,4.275,""
holo,RHO-OP-750-C026,RHO-764-C026,OP-750,IHO-764,10/09/2025,26,48,18.540,""
holo,RHO-OP-750-C027,RHO-764-C027,OP-750,IHO-764,10/09/2025,27,48,18.830,""
holo,RHO-OP-750-C028,RHO-764-C028,OP-750,IHO-764,10/09/2025,28,12,3.800,""
holo,RHO-OP-750-C029,RHO-764-C029,OP-750,IHO-764,10/09/2025,29,11,4.235,""
holo,RHO-OP-750-C030,RHO-764-C030,OP-750,IHO-764,10/09/2025,30,48,19.310,""
holo,RHO-OP-750-C031,RHO-764-C031,OP-750,IHO-764,10/09/2025,31,11,4.265,""
holo,RHO-OP-750-C032,RHO-764-C032,OP-750,IHO-764,10/09/2025,32,48,18.420,""
holo,RHO-OP-750-C033,RHO-764-C033,OP-750,IHO-764,10/09/2025,33,12,4.760,""
holo,RHO-OP-750-C034,RHO-764-C034,OP-750,IHO-764,10/09/2025,34,48,19.380,""
holo,RHO-OP-750-C035,RHO-764-C035,OP-750,IHO-764,10/09/2025,35,11,4.165,""
holo,RHO-OP-750-C036,RHO-764-C036,OP-750,IHO-764,10/09/2025,36,48,19.210,""
holo,RHO-OP-751-C001,RHO-765-C001,OP-751,IHO-765,13/09/2025,1,12,4.470,""
holo,RHO-OP-751-C002,RHO-765-C002,OP-751,IHO-765,13/09/2025,2,11,4.075,""
holo,RHO-OP-751-C003,RHO-765-C003,OP-751,IHO-765,13/09/2025,3,12,4.106,""
holo,RHO-OP-751-C004,RHO-765-C004,OP-751,IHO-765,13/09/2025,4,12,4.350,""
holo,RHO-OP-751-C005,RHO-765-C005,OP-751,IHO-765,13/09/2025,5,48,13.650,""
holo,RHO-OP-751-C006,RHO-765-C006,OP-751,IHO-765,13/09/2025,6,12,4.620,""
holo,RHO-OP-751-C007,RHO-765-C007,OP-751,IHO-765,13/09/2025,7,12,4.480,""
holo,RHO-OP-752-C001,RHO-766-C001,OP-752,IHO-766,16/09/2025,1,12,4.680,""
holo,RHO-OP-752-C002,RHO-766-C002,OP-752,IHO-766,16/09/2025,2,11,4.405,""
holo,RHO-OP-752-C003,RHO-766-C003,OP-752,IHO-766,16/09/2025,3,12,5.110,""
holo,RHO-OP-752-C004,RHO-766-C004,OP-752,IHO-766,16/09/2025,4,41,17.630,""
holo,RHO-OP-752-C005,RHO-766-C005,OP-752,IHO-766,16/09/2025,5,15,6.605,""
holo,RHO-OP-752-C006,RHO-766-C006,OP-752,IHO-766,16/09/2025,6,12,4.900,""
holo,RHO-OP-752-C007,RHO-766-C007,OP-752,IHO-766,16/09/2025,7,11,4.585,""
holo,RHO-OP-752-C008,RHO-766-C008,OP-752,IHO-766,16/09/2025,8,48,19.100,""
holo,RHO-OP-752-C009,RHO-766-C009,OP-752,IHO-766,16/09/2025,9,11,5.095,""
holo,RHO-OP-752-C010,RHO-766-C010,OP-752,IHO-766,16/09/2025,10,12,5.192,""
holo,RHO-OP-753-C001,RHO-767-C001,OP-753,IHO-767,22/09/2025,1,23,9.225,""
holo,RHO-OP-753-C002,RHO-767-C002,OP-753,IHO-767,22/09/2025,2,5,2.075,""
holo,RHO-OP-753-C003,RHO-767-C003,OP-753,IHO-767,22/09/2025,3,48,20.180,""
holo,RHO-OP-753-C004,RHO-767-C004,OP-753,IHO-767,22/09/2025,4,48,19.920,""
holo,RHO-OP-753-C005,RHO-767-C005,OP-753,IHO-767,22/09/2025,5,12,4.260,""
holo,RHO-OP-753-C006,RHO-767-C006,OP-753,IHO-767,22/09/2025,6,48,19.490,""
holo,RHO-OP-753-C007,RHO-767-C007,OP-753,IHO-767,22/09/2025,7,48,18.800,""
holo,RHO-OP-753-C008,RHO-767-C008,OP-753,IHO-767,22/09/2025,8,12,4.980,""
holo,RHO-OP-753-C009,RHO-767-C009,OP-753,IHO-767,22/09/2025,9,10,1.490,""
holo,RHO-OP-754-C001,RHO-768-C001,OP-754,IHO-768,30/09/2025,1,12,4.610,""
holo,RHO-OP-754-C002,RHO-768-C002,OP-754,IHO-768,30/09/2025,2,11,1.165,""
holo,RHO-OP-754-C003,RHO-768-C003,OP-754,IHO-768,30/09/2025,3,36,16.106,""
holo,RHO-OP-754-C004,RHO-768-C004,OP-754,IHO-768,30/09/2025,4,48,20.240,""
holo,RHO-OP-754-C005,RHO-768-C005,OP-754,IHO-768,30/09/2025,5,48,20.260,""
holo,RHO-OP-754-C006,RHO-768-C006,OP-754,IHO-768,30/09/2025,6,48,19.240,""
holo,RHO-OP-754-C007,RHO-768-C007,OP-754,IHO-768,30/09/2025,7,11,4.855,""
holo,RHO-OP-754-C008,RHO-768-C008,OP-754,IHO-768,30/09/2025,8,48,20.950,""
holo,RHO-OP-755-C001,RHO-769-C001,OP-755,IHO-769,12/10/2025,1,11,2.885,""
holo,RHO-OP-755-C002,RHO-769-C002,OP-755,IHO-769,12/10/2025,2,48,13.460,""
holo,RHO-OP-756-C001,RHO-770-C001,OP-756,IHO-770,16/10/2025,1,12,4.520,""
holo,RHO-OP-756-C002,RHO-770-C002,OP-756,IHO-770,16/10/2025,2,11,4.025,""
holo,RHO-OP-756-C003,RHO-770-C003,OP-756,IHO-770,16/10/2025,3,12,4.590,""
holo,RHO-OP-756-C004,RHO-770-C004,OP-756,IHO-770,16/10/2025,4,12,4.470,""
holo,RHO-OP-756-C005,RHO-770-C005,OP-756,IHO-770,16/10/2025,5,48,18.120,""
holo,RHO-OP-756-C006,RHO-770-C006,OP-756,IHO-770,16/10/2025,6,11,4.075,""
holo,RHO-OP-756-C007,RHO-770-C007,OP-756,IHO-770,16/10/2025,7,12,4.510,""
holo,RHO-OP-756-C008,RHO-770-C008,OP-756,IHO-770,16/10/2025,8,11,4.215,""
holo,RHO-OP-756-C009,RHO-770-C009,OP-756,IHO-770,16/10/2025,9,48,17.710,""
holo,RHO-OP-756-C010,RHO-770-C010,OP-756,IHO-770,16/10/2025,10,12,4.250,""
holo,RHO-OP-756-C011,RHO-770-C011,OP-756,IHO-770,16/10/2025,11,59,14.532,""
holo,RHO-OP-756-C012,RHO-770-C012,OP-756,IHO-770,16/10/2025,12,59,7.482,""
holo,RHO-OP-756-C013,RHO-770-C013,OP-756,IHO-770,16/10/2025,13,48,17.490,""
holo,RHO-OP-756-C014,RHO-770-C014,OP-756,IHO-770,16/10/2025,14,11,4.105,""
holo,RHO-OP-756-C015,RHO-770-C015,OP-756,IHO-770,16/10/2025,15,11,3.965,""
holo,RHO-OP-756-C016,RHO-770-C016,OP-756,IHO-770,16/10/2025,16,48,17.510,""
holo,RHO-OP-756-C017,RHO-770-C017,OP-756,IHO-770,16/10/2025,17,11,3.885,""
holo,RHO-OP-756-C018,RHO-770-C018,OP-756,IHO-770,16/10/2025,18,11,3.755,""
holo,RHO-OP-756-C019,RHO-770-C019,OP-756,IHO-770,16/10/2025,19,48,17.010,""
holo,RHO-OP-757-C001,RHO-771-C001,OP-757,IHO-771,08/11/2025,1,12,4.600,""
holo,RHO-OP-757-C002,RHO-771-C002,OP-757,IHO-771,08/11/2025,2,59,22.365,""
holo,RHO-OP-758-C001,RHO-772-C001,OP-758,IHO-772,11/11/2025,1,59,5.252,""
holo,RHO-OP-758-C002,RHO-772-C002,OP-758,IHO-772,11/11/2025,2,60,13.470,""
holo,RHO-OP-759-C001,RHO-773-C001,OP-759,IHO-773,01/12/2025,1,12,4.130,""
holo,RHO-OP-759-C002,RHO-773-C002,OP-759,IHO-773,01/12/2025,2,11,3.775,""
holo,RHO-OP-759-C003,RHO-773-C003,OP-759,IHO-773,01/12/2025,3,60,15.640,""
holo,RHO-OP-759-C004,RHO-773-C004,OP-759,IHO-773,01/12/2025,4,59,11.812,""
holo,RHO-OP-759-C005,RHO-773-C005,OP-759,IHO-773,01/12/2025,5,48,18.920,""
holo,RHO-OP-759-C006,RHO-773-C006,OP-759,IHO-773,01/12/2025,6,11,4.595,""
holo,RHO-OP-759-C007,RHO-773-C007,OP-759,IHO-773,01/12/2025,7,12,4.750,""
holo,RHO-OP-759-C008,RHO-773-C008,OP-759,IHO-773,01/12/2025,8,20,7.940,""
holo,RHO-OP-760-C001,RHO-774-C001,OP-760,IHO-774,29/11/2025,1,11,3.765,""
holo,RHO-OP-760-C002,RHO-774-C002,OP-760,IHO-774,29/11/2025,2,48,17.290,""
holo,RHO-OP-760-C003,RHO-774-C003,OP-760,IHO-774,29/11/2025,3,12,4.340,""
holo,RHO-OP-760-C004,RHO-774-C004,OP-760,IHO-774,29/11/2025,4,12,3.790,""
holo,RHO-OP-760-C005,RHO-774-C005,OP-760,IHO-774,29/11/2025,5,48,17.520,""
holo,RHO-OP-760-C006,RHO-774-C006,OP-760,IHO-774,29/11/2025,6,48,17.630,""
holo,RHO-OP-760-C007,RHO-774-C007,OP-760,IHO-774,29/11/2025,7,12,4.330,""
holo,RHO-OP-760-C008,RHO-774-C008,OP-760,IHO-774,29/11/2025,8,48,17.430,""
holo,RHO-OP-760-C009,RHO-774-C009,OP-760,IHO-774,29/11/2025,9,11,3.975,""
holo,RHO-OP-760-C010,RHO-774-C010,OP-760,IHO-774,29/11/2025,10,48,17.710,""
holo,RHO-OP-760-C011,RHO-774-C011,OP-760,IHO-774,29/11/2025,11,12,4.240,""
holo,RHO-OP-760-C012,RHO-774-C012,OP-760,IHO-774,29/11/2025,12,48,17.070,""
holo,RHO-OP-760-C013,RHO-774-C013,OP-760,IHO-774,29/11/2025,13,59,20.575,""
holo,RHO-OP-760-C014,RHO-774-C014,OP-760,IHO-774,29/11/2025,14,12,3.750,""
holo,RHO-OP-760-C015,RHO-774-C015,OP-760,IHO-774,29/11/2025,15,48,16.890,""
holo,RHO-OP-760-C016,RHO-774-C016,OP-760,IHO-774,29/11/2025,16,11,3.605,""
holo,RHO-OP-760-C017,RHO-774-C017,OP-760,IHO-774,29/11/2025,17,13,2.145,""
holo,RHO-OP-761-C001,RHO-775-C001,OP-761,IHO-775,19/12/2025,1,59,8.962,""
holo,RHO-OP-761-C002,RHO-775-C002,OP-761,IHO-775,19/12/2025,2,12,4.750,""
holo,RHO-OP-761-C003,RHO-775-C003,OP-761,IHO-775,19/12/2025,3,48,18.950,""
holo,RHO-OP-761-C004,RHO-775-C004,OP-761,IHO-775,19/12/2025,4,12,4.190,""
holo,RHO-OP-762-C001,RHO-776-C001,OP-762,IHO-776,23/12/2025,1,12,2.900,""
holo,RHO-OP-762-C002,RHO-776-C002,OP-762,IHO-776,23/12/2025,2,12,3.040,""
holo,RHO-OP-762-C003,RHO-776-C003,OP-762,IHO-776,23/12/2025,3,12,2.880,""
holo,RHO-OP-762-C004,RHO-776-C004,OP-762,IHO-776,23/12/2025,4,48,12.180,""
holo,RHO-OP-762-C005,RHO-776-C005,OP-762,IHO-776,23/12/2025,5,48,11.940,""
holo,RHO-OP-762-C006,RHO-776-C006,OP-762,IHO-776,23/12/2025,6,48,12.260,""
holo,RHO-OP-762-C007,RHO-776-C007,OP-762,IHO-776,23/12/2025,7,12,3.870,""
holo,RHO-OP-762-C008,RHO-776-C008,OP-762,IHO-776,23/12/2025,8,48,12.270,""
holo,RHO-OP-762-C009,RHO-776-C009,OP-762,IHO-776,23/12/2025,9,12,3.040,""
holo,RHO-OP-762-C010,RHO-776-C010,OP-762,IHO-776,23/12/2025,10,40,9.040,""
holo,RHO-OP-763-C001,RHO-777-C001,OP-763,IHO-777,27/12/2025,1,12,4.700,""
holo,RHO-OP-763-C002,RHO-777-C002,OP-763,IHO-777,27/12/2025,2,48,18.760,""
holo,RHO-OP-763-C003,RHO-777-C003,OP-763,IHO-777,27/12/2025,3,40,15.250,""
holo,RHO-OP-764-C001,RHO-778-C001,OP-764,IHO-778,07/02/2025,1,60,5.100,""
holo,RHO-OP-764-C002,RHO-778-C002,OP-764,IHO-778,07/02/2025,2,13,5.145,""
holo,RHO-OP-764-C003,RHO-778-C003,OP-764,IHO-778,07/02/2025,3,13,5.145,""
holo,RHO-OP-764-C004,RHO-778-C004,OP-764,IHO-778,07/02/2025,4,18,7.236,""
holo,RHO-OP-765-C001,RHO-779-C001,OP-765,IHO-779,12/01/2025,1,32,9.760,""
holo,RHO-OP-765-C002,RHO-779-C002,OP-765,IHO-779,12/01/2025,2,11,3.485,""
holo,RHO-OP-765-C003,RHO-779-C003,OP-765,IHO-779,12/01/2025,3,11,3.225,""
holo,RHO-OP-765-C004,RHO-779-C004,OP-765,IHO-779,12/01/2025,4,11,2.495,""
holo,RHO-OP-765-C005,RHO-779-C005,OP-765,IHO-779,12/01/2025,5,48,14.210,""
holo,RHO-OP-765-C006,RHO-779-C006,OP-765,IHO-779,12/01/2025,6,29,8.535,""
holo,RHO-OP-765-C007,RHO-779-C007,OP-765,IHO-779,12/01/2025,7,8,1.088,""
holo,RHO-OP-766-C001,RHO-780-C001,OP-766,IHO-780,12/01/2025,1,19,5.425,""
holo,RHO-OP-767-C001,RHO-781-C001,OP-767,IHO-781,06/01/2025,1,51,13.108,""
holo,RHO-OP-767-C002,RHO-781-C002,OP-767,IHO-781,06/01/2025,2,59,15.642,""
holo,RHO-OP-767-C003,RHO-781-C003,OP-767,IHO-781,06/01/2025,3,59,15.612,""
holo,RHO-OP-767-C004,RHO-781-C004,OP-767,IHO-781,06/01/2025,4,59,15.372,""
holo,RHO-OP-768-C001,RHO-782-C001,OP-768,IHO-782,06/01/2025,1,47,10.205,""
holo,RHO-OP-768-C002,RHO-782-C002,OP-768,IHO-782,06/01/2025,2,35,8.430,""
holo,RHO-OP-768-C003,RHO-782-C003,OP-768,IHO-782,06/01/2025,3,30,6.420,""
holo,RHO-OP-768-C004,RHO-782-C004,OP-768,IHO-782,06/01/2025,4,44,11.900,""
holo,RHO-OP-769-C001,RHO-783-C001,OP-769,IHO-783,06/01/2025,1,31,6.975,""
holo,RHO-OP-770-C001,RHO-784-C001,OP-770,IHO-784,06/01/2025,1,36,7.890,""
holo,RHO-OP-771-C001,RHO-785-C001,OP-771,IHO-785,06/01/2025,1,28,7.650,""
holo,RHO-OP-771-C002,RHO-785-C002,OP-771,IHO-785,06/01/2025,2,46,7.520,""
holo,RHO-OP-771-C003,RHO-785-C003,OP-771,IHO-785,06/01/2025,3,46,15.060,""
holo,RHO-OP-771-C004,RHO-785-C004,OP-771,IHO-785,06/01/2025,4,57,11.835,""
holo,RHO-OP-771-C005,RHO-785-C005,OP-771,IHO-785,06/01/2025,5,59,13.382,""
holo,RHO-OP-772-C001,RHO-786-C001,OP-772,IHO-786,06/01/2025,1,16,3.296,""
holo,RHO-OP-773-C001,RHO-787-C001,OP-773,IHO-787,06/01/2025,1,60,17.090,""
holo,RHO-OP-774-C001,RHO-788-C001,OP-774,IHO-788,17/03/2025,1,48,11.040,""
holo,RHO-OP-775-C001,RHO-789-C001,OP-775,IHO-789,13/03/2025,1,24,3.874,""
holo,RHO-OP-776-C001,RHO-790-C001,OP-776,IHO-790,22/12/2025,1,59,17.112,""
holo,RHO-OP-776-C002,RHO-790-C002,OP-776,IHO-790,22/12/2025,2,60,16.010,""
holo,RHO-OP-776-C003,RHO-790-C003,OP-776,IHO-790,22/12/2025,3,60,18.500,""
holo,RHO-OP-776-C004,RHO-790-C004,OP-776,IHO-790,22/12/2025,4,60,17.510,""
holo,RHO-OP-776-C005,RHO-790-C005,OP-776,IHO-790,22/12/2025,5,60,18.790,""
holo,RHO-OP-776-C006,RHO-790-C006,OP-776,IHO-790,22/12/2025,6,60,17.680,""
holo,RHO-OP-777-C001,RHO-791-C001,OP-777,IHO-791,22/12/2025,1,59,20.962,""
holo,RHO-OP-777-C002,RHO-791-C002,OP-777,IHO-791,22/12/2025,2,60,20.140,""
holo,RHO-OP-777-C003,RHO-791-C003,OP-777,IHO-791,22/12/2025,3,60,19.000,""
holo,RHO-OP-777-C004,RHO-791-C004,OP-777,IHO-791,22/12/2025,4,60,19.410,""
holo,RHO-OP-777-C005,RHO-791-C005,OP-777,IHO-791,22/12/2025,5,60,10.610,""
holo,RHO-OP-778-C001,RHO-792-C001,OP-778,IHO-792,27/12/2025,1,59,16.862,""
holo,RHO-OP-779-C001,RHO-793-C001,OP-779,IHO-793,02/01/2026,1,59,19.242,""
holo,RHO-OP-779-C002,RHO-793-C002,OP-779,IHO-793,02/01/2026,2,60,19.560,""
holo,RHO-OP-779-C003,RHO-793-C003,OP-779,IHO-793,02/01/2026,3,60,20.650,""
holo,RHO-OP-780-C001,RHO-794-C001,OP-780,IHO-794,04/01/2025,1,60,21.910,""
holo,RHO-OP-781-C001,RHO-795-C001,OP-781,IHO-795,04/01/2025,1,48,16.220,""
holo,RHO-OP-781-C002,RHO-795-C002,OP-781,IHO-795,04/01/2025,2,48,17.370,""
holo,RHO-OP-781-C003,RHO-795-C003,OP-781,IHO-795,04/01/2025,3,60,22.060,""
holo,RHO-OP-782-C001,RHO-796-C001,OP-782,IHO-796,18/08/2025,1,12,4.440,""
holo,RHO-OP-782-C002,RHO-796-C002,OP-782,IHO-796,18/08/2025,2,10,3.530,""
holo,RHO-OP-782-C003,RHO-796-C003,OP-782,IHO-796,18/08/2025,3,11,4.115,""
holo,RHO-OP-782-C004,RHO-796-C004,OP-782,IHO-796,18/08/2025,4,48,17.920,""
holo,RHO-OP-783-C001,RHO-797-C001,OP-783,IHO-797,27/08/2025,1,60,23.920,""
holo,RHO-OP-783-C002,RHO-797-C002,OP-783,IHO-797,27/08/2025,2,60,16.860,""
holo,RHO-OP-783-C003,RHO-797-C003,OP-783,IHO-797,27/08/2025,3,60,12.700,""
holo,RHO-OP-783-C004,RHO-797-C004,OP-783,IHO-797,27/08/2025,4,60,12.460,""
holo,RHO-OP-784-C001,RHO-798-C001,OP-784,IHO-798,09/09/2025,1,48,19.650,""
holo,RHO-OP-784-C002,RHO-798-C002,OP-784,IHO-798,09/09/2025,2,49,19.315,""
holo,RHO-OP-784-C003,RHO-798-C003,OP-784,IHO-798,09/09/2025,3,40,16.220,""
holo,RHO-OP-785-C001,RHO-799-C001,OP-785,IHO-799,28/09/2025,1,49,16.132,""
holo,RHO-OP-785-C002,RHO-799-C002,OP-785,IHO-799,28/09/2025,2,50,9.900,""
holo,RHO-OP-786-C001,RHO-800-C001,OP-786,IHO-800,02/01/2026,1,50,17.890,""
holo,RHO-OP-786-C002,RHO-800-C002,OP-786,IHO-800,02/01/2026,2,50,23.960,""
holo,RHO-OP-786-C003,RHO-800-C003,OP-786,IHO-800,02/01/2026,3,11,3.325,""
holo,RHO-OP-786-C004,RHO-800-C004,OP-786,IHO-800,02/01/2026,4,50,19.590,""
holo,RHO-OP-786-C005,RHO-800-C005,OP-786,IHO-800,02/01/2026,5,60,21.570,""
holo,RHO-OP-786-C006,RHO-800-C006,OP-786,IHO-800,02/01/2026,6,60,24.600,""
holo,RHO-OP-786-C007,RHO-800-C007,OP-786,IHO-800,02/01/2026,7,50,14.540,""
holo,RHO-OP-787-C001,RHO-801-C001,OP-787,IHO-801,05/12/2025,1,30,9.090,""
holo,RHO-OP-787-C002,RHO-801-C002,OP-787,IHO-801,05/12/2025,2,48,9.560,""
holo,RHO-OP-787-C003,RHO-801-C003,OP-787,IHO-801,05/12/2025,3,12,2.320,""
holo,RHO-OP-787-C004,RHO-801-C004,OP-787,IHO-801,05/12/2025,4,12,3.280,""
holo,RHO-OP-787-C005,RHO-801-C005,OP-787,IHO-801,05/12/2025,5,48,13.460,""
holo,RHO-OP-787-C006,RHO-801-C006,OP-787,IHO-801,05/12/2025,6,29,8.635,""
holo,RHO-OP-787-C007,RHO-801-C007,OP-787,IHO-801,05/12/2025,7,50,5.130,""
holo,RHO-OP-787-C008,RHO-801-C008,OP-787,IHO-801,05/12/2025,8,48,16.750,""
holo,RHO-OP-787-C009,RHO-801-C009,OP-787,IHO-801,05/12/2025,9,49,10.992,""
holo,RHO-OP-787-C010,RHO-801-C010,OP-787,IHO-801,05/12/2025,10,49,15.902,""
holo,RHO-OP-787-C011,RHO-801-C011,OP-787,IHO-801,05/12/2025,11,48,19.570,""
holo,RHO-OP-787-C012,RHO-801-C012,OP-787,IHO-801,05/12/2025,12,12,4.930,""
holo,RHO-OP-787-C013,RHO-801-C013,OP-787,IHO-801,05/12/2025,13,11,5.045,""
holo,RHO-OP-787-C014,RHO-801-C014,OP-787,IHO-801,05/12/2025,14,48,21.730,""
holo,RHO-OP-787-C015,RHO-801-C015,OP-787,IHO-801,05/12/2025,15,60,21.720,""
holo,RHO-OP-787-C016,RHO-801-C016,OP-787,IHO-801,05/12/2025,16,60,20.950,""
holo,RHO-OP-787-C017,RHO-801-C017,OP-787,IHO-801,05/12/2025,17,50,15.740,""
holo,RHO-OP-787-C018,RHO-801-C018,OP-787,IHO-801,05/12/2025,18,60,19.690,""
holo,RHO-OP-787-C019,RHO-801-C019,OP-787,IHO-801,05/12/2025,19,12,4.880,""
holo,RHO-OP-787-C020,RHO-801-C020,OP-787,IHO-801,05/12/2025,20,48,20.000,""
holo,RHO-OP-787-C021,RHO-801-C021,OP-787,IHO-801,05/12/2025,21,59,19.412,""
holo,RHO-OP-787-C022,RHO-801-C022,OP-787,IHO-801,05/12/2025,22,60,21.240,""
holo,RHO-OP-787-C023,RHO-801-C023,OP-787,IHO-801,05/12/2025,23,40,18.760,""
holo,RHO-OP-787-C024,RHO-801-C024,OP-787,IHO-801,05/12/2025,24,20,5.220,""
holo,RHO-OP-787-C025,RHO-801-C025,OP-787,IHO-801,05/12/2025,25,12,6.000,""
holo,RHO-OP-787-C026,RHO-801-C026,OP-787,IHO-801,05/12/2025,26,48,24.760,""
holo,RHO-OP-787-C027,RHO-801-C027,OP-787,IHO-801,05/12/2025,27,50,15.350,""
holo,RHO-OP-787-C028,RHO-801-C028,OP-787,IHO-801,05/12/2025,28,49,15.845,""
holo,RHO-OP-787-C029,RHO-801-C029,OP-787,IHO-801,05/12/2025,29,50,15.660,""
holo,RHO-OP-787-C030,RHO-801-C030,OP-787,IHO-801,05/12/2025,30,12,5.130,""
holo,RHO-OP-787-C031,RHO-801-C031,OP-787,IHO-801,05/12/2025,31,48,21.000,""
holo,RHO-OP-787-C032,RHO-801-C032,OP-787,IHO-801,05/12/2025,32,59,30.215,""
holo,RHO-OP-787-C033,RHO-801-C033,OP-787,IHO-801,05/12/2025,33,50,10.530,""
holo,RHO-OP-787-C034,RHO-801-C034,OP-787,IHO-801,05/12/2025,34,12,5.850,""
holo,RHO-OP-787-C035,RHO-801-C035,OP-787,IHO-801,05/12/2025,35,48,23.290,""
holo,RHO-OP-787-C036,RHO-801-C036,OP-787,IHO-801,05/12/2025,36,49,16.985,""
holo,RHO-OP-788-C001,RHO-802-C001,OP-788,IHO-802,11/12/2025,1,48,15.140,""
holo,RHO-OP-788-C002,RHO-802-C002,OP-788,IHO-802,11/12/2025,2,12,3.770,""
holo,RHO-OP-788-C003,RHO-802-C003,OP-788,IHO-802,11/12/2025,3,12,3.240,""
holo,RHO-OP-788-C004,RHO-802-C004,OP-788,IHO-802,11/12/2025,4,48,13.300,""
holo,RHO-OP-788-C005,RHO-802-C005,OP-788,IHO-802,11/12/2025,5,11,2.595,""
holo,RHO-OP-788-C006,RHO-802-C006,OP-788,IHO-802,11/12/2025,6,48,11.600,""
holo,RHO-OP-788-C007,RHO-802-C007,OP-788,IHO-802,11/12/2025,7,48,17.520,""
holo,RHO-OP-788-C008,RHO-802-C008,OP-788,IHO-802,11/12/2025,8,11,3.935,""
holo,RHO-OP-788-C009,RHO-802-C009,OP-788,IHO-802,11/12/2025,9,50,17.530,""
holo,RHO-OP-788-C010,RHO-802-C010,OP-788,IHO-802,11/12/2025,10,60,20.240,""
holo,RHO-OP-788-C011,RHO-802-C011,OP-788,IHO-802,11/12/2025,11,50,14.260,""
holo,RHO-OP-788-C012,RHO-802-C012,OP-788,IHO-802,11/12/2025,12,59,19.062,""
holo,RHO-OP-788-C013,RHO-802-C013,OP-788,IHO-802,11/12/2025,13,60,18.680,""
holo,RHO-OP-788-C014,RHO-802-C014,OP-788,IHO-802,11/12/2025,14,48,17.130,""
holo,RHO-OP-788-C015,RHO-802-C015,OP-788,IHO-802,11/12/2025,15,11,3.945,""
holo,RHO-OP-788-C016,RHO-802-C016,OP-788,IHO-802,11/12/2025,16,48,19.870,""
holo,RHO-OP-788-C017,RHO-802-C017,OP-788,IHO-802,11/12/2025,17,42,15.100,""
holo,RHO-OP-788-C018,RHO-802-C018,OP-788,IHO-802,11/12/2025,18,8,2.860,""
holo,RHO-OP-788-C019,RHO-802-C019,OP-788,IHO-802,11/12/2025,19,50,17.400,""
holo,RHO-OP-788-C020,RHO-802-C020,OP-788,IHO-802,11/12/2025,20,11,3.325,""
holo,RHO-OP-788-C021,RHO-802-C021,OP-788,IHO-802,11/12/2025,21,48,14.480,""
holo,RHO-OP-788-C022,RHO-802-C022,OP-788,IHO-802,11/12/2025,22,60,25.580,""
holo,RHO-OP-788-C023,RHO-802-C023,OP-788,IHO-802,11/12/2025,23,50,19.720,""
holo,RHO-OP-788-C024,RHO-802-C024,OP-788,IHO-802,11/12/2025,24,12,5.340,""
holo,RHO-OP-788-C025,RHO-802-C025,OP-788,IHO-802,11/12/2025,25,48,22.180,""
holo,RHO-OP-788-C026,RHO-802-C026,OP-788,IHO-802,11/12/2025,26,11,4.495,""
holo,RHO-OP-788-C027,RHO-802-C027,OP-788,IHO-802,11/12/2025,27,48,20.180,""
holo,RHO-OP-788-C028,RHO-802-C028,OP-788,IHO-802,11/12/2025,28,12,4.800,""
holo,RHO-OP-788-C029,RHO-802-C029,OP-788,IHO-802,11/12/2025,29,48,20.280,""
holo,RHO-OP-788-C030,RHO-802-C030,OP-788,IHO-802,11/12/2025,30,11,4.445,""
holo,RHO-OP-788-C031,RHO-802-C031,OP-788,IHO-802,11/12/2025,31,48,20.260,""
holo,RHO-OP-788-C032,RHO-802-C032,OP-788,IHO-802,11/12/2025,32,50,16.760,""
holo,RHO-OP-788-C033,RHO-802-C033,OP-788,IHO-802,11/12/2025,33,60,18.860,""
holo,RHO-OP-788-C034,RHO-802-C034,OP-788,IHO-802,11/12/2025,34,59,14.142,""
holo,RHO-OP-788-C035,RHO-802-C035,OP-788,IHO-802,11/12/2025,35,12,5.800,""
holo,RHO-OP-788-C036,RHO-802-C036,OP-788,IHO-802,11/12/2025,36,48,23.240,""
holo,RHO-OP-788-C037,RHO-802-C037,OP-788,IHO-802,11/12/2025,37,12,5.320,""
holo,RHO-OP-788-C038,RHO-802-C038,OP-788,IHO-802,11/12/2025,38,48,21.500,""
holo,RHO-OP-788-C039,RHO-802-C039,OP-788,IHO-802,11/12/2025,39,60,18.110,""
holo,RHO-OP-788-C040,RHO-802-C040,OP-788,IHO-802,11/12/2025,40,12,5.070,""
holo,RHO-OP-788-C041,RHO-802-C041,OP-788,IHO-802,11/12/2025,41,48,20.590,""
holo,RHO-OP-788-C042,RHO-802-C042,OP-788,IHO-802,11/12/2025,42,12,5.110,""
holo,RHO-OP-788-C043,RHO-802-C043,OP-788,IHO-802,11/12/2025,43,48,20.690,""
holo,RHO-OP-788-C044,RHO-802-C044,OP-788,IHO-802,11/12/2025,44,12,4.450,""
holo,RHO-OP-788-C045,RHO-802-C045,OP-788,IHO-802,11/12/2025,45,48,20.780,""
holo,RHO-OP-789-C001,RHO-803-C001,OP-789,IHO-803,14/11/2025,1,50,13.990,""
holo,RHO-OP-790-C001,RHO-804-C001,OP-790,IHO-804,03/01/2025,1,61,6.318,""
holo,RHO-OP-791-C001,RHO-805-C001,OP-791,IHO-805,06/01/2025,1,60,24.630,""
holo,RHO-OP-791-C002,RHO-805-C002,OP-791,IHO-805,06/01/2025,2,59,12.002,""
holo,RHO-OP-791-C003,RHO-805-C003,OP-791,IHO-805,06/01/2025,3,30,12.220,""
holo,RHO-OP-791-C004,RHO-805-C004,OP-791,IHO-805,06/01/2025,4,30,6.330,""
holo,RHO-OP-791-C005,RHO-805-C005,OP-791,IHO-805,06/01/2025,5,50,18.770,""
holo,RHO-OP-791-C006,RHO-805-C006,OP-791,IHO-805,06/01/2025,6,60,22.290,""
holo,RHO-OP-791-C007,RHO-805-C007,OP-791,IHO-805,06/01/2025,7,50,19.120,""
holo,RHO-OP-791-C008,RHO-805-C008,OP-791,IHO-805,06/01/2025,8,30,6.900,""
holo,RHO-OP-792-C001,RHO-806-C001,OP-792,IHO-806,03/04/2025,1,38,8.820,""
holo,RHO-OP-792-C002,RHO-806-C002,OP-792,IHO-806,03/04/2025,2,60,2.300,""
holo,RHO-OP-793-C001,RHO-807-C001,OP-793,IHO-807,06/01/2025,1,49,2.885,""
holo,RHO-OP-793-C002,RHO-807-C002,OP-793,IHO-807,06/01/2025,2,51,6.435,""
holo,RHO-OP-794-C001,RHO-808-C001,OP-794,IHO-808,08/07/2025,1,60,3.640,""
holo,RHO-OP-795-C001,RHO-809-C001,OP-795,IHO-809,07/01/2025,1,33,9.744,""
holo,RHO-OP-796-C001,RHO-810-C001,OP-796,IHO-810,01/01/2025,1,10,1.390,""
holo,RHO-OP-797-C001,RHO-811-C001,OP-797,IHO-811,16/10/2025,1,12,5.550,""
holo,RHO-OP-798-C001,RHO-812-C001,OP-798,IHO-812,06/11/2025,1,12,4.840,""
holo,RHO-OP-798-C002,RHO-812-C002,OP-798,IHO-812,06/11/2025,2,48,19.470,""
holo,RHO-OP-798-C003,RHO-812-C003,OP-798,IHO-812,06/11/2025,3,60,11.560,""
holo,RHO-OP-798-C004,RHO-812-C004,OP-798,IHO-812,06/11/2025,4,50,9.580,""
holo,RHO-OP-798-C005,RHO-812-C005,OP-798,IHO-812,06/11/2025,5,50,19.640,""
holo,RHO-OP-799-C001,RHO-813-C001,OP-799,IHO-813,05/10/2025,1,60,1.790,""
holo,RHO-OP-800-C001,RHO-814-C001,OP-800,IHO-814,15/10/2025,1,12,3.810,""
holo,RHO-OP-800-C002,RHO-814-C002,OP-800,IHO-814,15/10/2025,2,48,15.040,""
holo,RHO-OP-800-C003,RHO-814-C003,OP-800,IHO-814,15/10/2025,3,11,2.805,""
holo,RHO-OP-800-C004,RHO-814-C004,OP-800,IHO-814,15/10/2025,4,49,14.145,""
holo,RHO-OP-800-C005,RHO-814-C005,OP-800,IHO-814,15/10/2025,5,49,13.815,""
holo,RHO-OP-800-C006,RHO-814-C006,OP-800,IHO-814,15/10/2025,6,59,6.402,""
holo,RHO-OP-800-C007,RHO-814-C007,OP-800,IHO-814,15/10/2025,7,50,11.550,""
holo,RHO-OP-800-C008,RHO-814-C008,OP-800,IHO-814,15/10/2025,8,28,4.544,""
holo,RHO-OP-801-C001,RHO-815-C001,OP-801,IHO-815,03/01/2025,1,61,10.458,""
holo,RHO-OP-801-C002,RHO-815-C002,OP-801,IHO-815,03/01/2025,2,60,14.420,""
holo,RHO-OP-802-C001,RHO-816-C001,OP-802,IHO-816,21/05/2025,1,10,2.840,""
holo,RHO-OP-802-C002,RHO-816-C002,OP-802,IHO-816,21/05/2025,2,50,12.090,""
